# init_type: my_rep, Number of clusters: 6
# Frame Index, Cluster Index
0,5
1,0
2,5
3,5
4,5
5,3
6,3
7,5
8,3
9,3
10,0
11,5
12,0
13,0
14,3
15,5
16,3
17,5
18,1
19,1
20,1
21,0
22,0
23,5
24,0
25,5
26,5
27,0
28,0
29,5
30,4
31,5
32,1
33,0
34,5
35,5
36,1
37,0
38,5
39,0
40,1
41,1
42,1
43,0
44,0
45,5
46,5
47,0
48,0
49,0
50,5
51,5
52,5
53,0
54,0
55,0
56,3
57,3
58,1
59,0
60,3
61,3
62,1
63,1
64,3
65,5
66,5
67,0
68,5
69,5
70,5
71,5
72,0
73,0
74,5
75,2
76,2
77,2
78,1
79,1
80,1
81,5
82,1
83,5
84,0
85,1
86,0
87,0
88,0
89,0
90,2
91,3
92,0
93,3
94,3
95,3
96,0
97,0
98,0
99,0
100,4
101,4
102,2
103,5
104,5
105,5
106,5
107,5
108,1
109,1
110,0
111,1
112,5
113,5
114,5
115,3
116,4
117,2
118,3
119,3
120,1
121,3
122,3
123,0
124,0
125,0
126,1
127,1
128,3
129,3
130,1
131,0
132,0
133,5
134,0
135,2
136,1
137,1
138,1
139,1
140,1
141,1
142,0
143,0
144,0
145,1
146,1
147,5
148,5
149,0
150,0
151,1
152,1
153,4
154,4
155,4
156,2
157,1
158,5
159,1
160,1
161,1
162,0
163,4
164,4
165,5
166,1
167,3
168,1
169,4
170,4
171,1
172,4
173,1
174,4
175,1
176,4
177,1
178,2
179,2
180,0
181,2
182,5
183,1
184,5
185,0
186,3
187,3
188,4
189,1
190,1
191,1
192,2
193,4
194,1
195,4
196,4
197,1
198,2
199,2
200,1
201,4
202,1
203,1
204,4
205,4
206,1
207,4
208,4
209,4
210,4
211,4
212,5
213,1
214,3
215,5
216,5
217,1
218,1
219,5
220,1
221,1
222,1
223,5
224,1
225,1
226,4
227,1
228,3
229,1
230,1
231,3
232,2
233,1
234,1
235,2
236,2
237,4
238,1
239,1
240,1
241,0
242,4
243,1
244,4
245,4
246,4
247,1
248,4
249,1
250,1
251,2
252,1
253,2
254,4
255,1
256,4
257,3
258,3
259,3
260,3
261,0
262,0
263,3
264,0
265,3
266,3
267,3
268,0
269,3
270,5
271,5
272,1
273,1
274,1
275,5
276,1
277,1
278,3
279,3
280,1
281,1
282,1
283,1
284,0
285,3
286,0
287,0
288,5
289,1
290,1
291,3
292,5
293,1
294,1
295,2
296,3
297,0
298,3
299,0
300,4
301,2
302,1
303,1
304,1
305,3
306,0
307,1
308,1
309,1
310,5
311,0
312,1
313,1
314,0
315,0
316,1
317,1
318,1
319,0
320,1
321,1
322,1
323,0
324,5
325,1
326,5
327,1
328,5
329,1
330,0
331,5
332,5
333,0
334,4
335,0
336,0
337,5
338,0
339,5
340,0
341,0
342,5
343,4
344,0
345,5
346,5
347,0
348,0
349,0
350,0
351,0
352,0
353,0
354,5
355,5
356,0
357,0
358,5
359,1
360,1
361,1
362,1
363,0
364,2
365,2
366,2
367,1
368,1
369,2
370,2
371,0
372,0
373,0
374,1
375,1
376,1
377,2
378,1
379,1
380,1
381,1
382,1
383,1
384,1
385,2
386,2
387,5
388,0
389,1
390,0
391,1
392,1
393,0
394,0
395,0
396,1
397,2
398,2
399,1
400,0
401,5
402,0
403,5
404,5
405,1
406,2
407,2
408,0
409,3
410,1
411,0
412,0
413,5
414,5
415,5
416,0
417,2
418,1
419,1
420,5
421,0
422,5
423,1
424,2
425,2
426,0
427,3
428,0
429,0
430,0
431,3
432,0
433,0
434,3
435,0
436,1
437,0
438,0
439,1
440,1
441,0
442,5
443,0
444,0
445,0
446,5
447,0
448,1
449,0
450,0
451,1
452,2
453,3
454,0
455,5
456,0
457,5
458,0
459,5
460,0
461,0
462,0
463,0
464,5
465,1
466,1
467,0
468,5
469,2
470,1
471,1
472,1
473,0
474,0
475,2
476,2
477,1
478,1
479,3
480,3
481,0
482,0
483,0
484,3
485,3
486,3
487,0
488,0
489,3
490,3
491,2
492,0
493,3
494,3
495,2
496,1
497,3
498,0
499,3
500,3
501,2
502,3
503,0
504,3
505,3
506,2
507,3
508,3
509,3
510,0
511,3
512,3
513,0
514,5
515,0
516,0
517,3
518,1
519,3
520,2
521,1
522,0
523,0
524,0
525,0
526,5
527,0
528,5
529,5
530,5
531,5
532,0
533,1
534,1
535,0
536,1
537,0
538,0
539,0
540,0
541,3
542,3
543,3
544,3
545,3
546,0
547,0
548,3
549,0
550,0
551,0
552,0
553,0
554,1
555,1
556,0
557,0
558,0
559,0
560,0
561,5
562,0
563,1
564,5
565,0
566,0
567,0
568,0
569,1
570,1
571,0
572,2
573,0
574,0
575,2
576,0
577,1
578,0
579,0
580,0
581,0
582,0
583,2
584,5
585,0
586,0
587,0
588,0
589,0
590,0
591,0
592,4
593,0
594,0
595,0
596,3
597,3
598,0
599,2
600,0
601,2
602,2
603,5
604,0
605,0
606,0
607,0
608,0
609,0
610,0
611,1
612,0
613,0
614,0
615,3
616,0
617,1
618,0
619,3
620,1
621,2
622,2
623,0
624,2
625,1
626,1
627,0
628,0
629,0
630,0
631,0
632,0
633,0
634,0
635,0
636,0
637,1
638,0
639,0
640,0
641,0
642,0
643,0
644,0
645,2
646,2
647,2
648,1
649,0
650,1
651,1
652,3
653,0
654,3
655,1
656,0
657,0
658,1
659,1
660,0
661,1
662,1
663,2
664,0
665,0
666,2
667,0
668,0
669,1
670,0
671,0
672,1
673,0
674,0
675,0
676,0
677,0
678,0
679,0
680,0
681,0
682,0
683,0
684,0
685,0
686,3
687,0
688,3
689,0
690,4
691,0
692,3
693,0
694,0
695,3
696,3
697,1
698,4
699,1
700,2
701,0
702,1
703,1
704,4
705,5
706,4
707,1
708,1
709,4
710,1
711,0
712,3
713,0
714,3
715,3
716,0
717,0
718,0
719,0
720,0
721,0
722,0
723,0
724,1
725,2
726,2
727,1
728,4
729,4
730,4
731,4
732,2
733,0
734,0
735,0
736,0
737,0
738,0
739,4
740,0
741,4
742,4
743,4
744,0
745,0
746,0
747,0
748,0
749,0
750,4
751,0
752,0
753,0
754,0
755,2
756,0
757,0
758,1
759,2
760,0
761,2
762,1
763,1
764,2
765,1
766,1
767,0
768,2
769,0
770,1
771,3
772,3
773,1
774,3
775,3
776,3
777,3
778,0
779,2
780,0
781,3
782,2
783,2
784,2
785,3
786,3
787,0
788,1
789,0
790,2
791,2
792,2
793,0
794,0
795,0
796,0
797,0
798,0
799,0
800,0
801,0
802,2
803,2
804,2
805,2
806,2
807,1
808,3
809,1
810,0
811,0
812,0
813,3
814,1
815,1
816,1
817,1
818,1
819,3
820,3
821,3
822,3
823,0
824,3
825,2
826,2
827,1
828,0
829,5
830,0
831,2
832,2
833,0
834,2
835,2
836,0
837,2
838,5
839,3
840,5
841,0
842,5
843,3
844,0
845,0
846,0
847,0
848,3
849,2
850,0
851,0
852,0
853,0
854,0
855,0
856,1
857,5
858,5
859,1
860,5
861,5
862,5
863,5
864,5
865,5
866,3
867,3
868,3
869,3
870,0
871,0
872,2
873,0
874,0
875,0
876,0
877,0
878,0
879,2
880,0
881,0
882,1
883,5
884,1
885,1
886,0
887,0
888,0
889,0
890,0
891,0
892,0
893,4
894,4
895,3
896,5
897,5
898,5
899,3
900,2
901,5
902,3
903,5
904,5
905,0
906,2
907,0
908,3
909,0
910,2
911,3
912,1
913,3
914,1
915,0
916,1
917,3
918,4
919,3
920,3
921,0
922,0
923,0
924,5
925,0
926,4
927,0
928,4
929,0
930,0
931,0
932,3
933,1
934,3
935,2
936,2
937,0
938,0
939,4
940,4
941,5
942,5
943,4
944,4
945,2
946,3
947,2
948,5
949,3
950,3
951,3
952,0
953,3
954,0
955,4
956,4
957,2
958,5
959,5
960,4
961,4
962,5
963,4
964,5
965,5
966,3
967,5
968,5
969,5
970,3
971,0
972,5
973,3
974,3
975,5
976,5
977,3
978,5
979,5
980,0
981,2
982,5
983,5
984,5
985,2
986,2
987,2
988,2
989,3
990,3
991,3
992,2
993,2
994,0
995,0
996,3
997,5
998,5
999,0
1000,5
1001,5
1002,2
1003,0
1004,0
1005,2
1006,2
1007,2
1008,1
1009,1
1010,5
1011,2
1012,2
1013,2
1014,5
1015,1
1016,5
1017,3
1018,1
1019,3
1020,1
1021,3
1022,3
1023,3
1024,5
1025,1
1026,1
1027,1
1028,1
1029,1
1030,5
1031,2
1032,2
1033,0
1034,1
1035,3
1036,3
1037,3
1038,1
1039,5
1040,5
1041,5
1042,5
1043,5
1044,5
1045,5
1046,5
1047,5
1048,5
1049,1
1050,5
1051,1
1052,5
1053,3
1054,0
1055,1
1056,3
1057,4
1058,5
1059,5
1060,3
1061,3
1062,2
1063,4
1064,1
1065,2
1066,2
1067,4
1068,4
1069,3
1070,3
1071,2
1072,0
1073,3
1074,3
1075,3
1076,5
1077,5
1078,3
1079,3
1080,0
1081,2
1082,5
1083,5
1084,5
1085,5
1086,5
1087,1
1088,1
1089,1
1090,0
1091,1
1092,0
1093,5
1094,5
1095,1
1096,1
1097,2
1098,5
1099,5
1100,0
1101,3
1102,0
1103,0
1104,0
1105,0
1106,3
1107,3
1108,1
1109,5
1110,5
1111,3
1112,3
1113,0
1114,3
1115,0
1116,3
1117,5
1118,5
1119,0
1120,5
1121,5
1122,5
1123,0
1124,5
1125,5
1126,3
1127,1
1128,1
1129,3
1130,3
1131,3
1132,3
1133,3
1134,0
1135,3
1136,3
1137,3
1138,3
1139,3
1140,4
1141,2
1142,2
1143,4
1144,3
1145,4
1146,2
1147,2
1148,0
1149,5
1150,5
1151,2
1152,5
1153,2
1154,2
1155,3
1156,3
1157,3
1158,3
1159,0
1160,0
1161,0
1162,0
1163,0
1164,5
1165,5
1166,0
1167,4
1168,4
1169,3
1170,4
1171,3
1172,4
1173,0
1174,5
1175,5
1176,0
1177,3
1178,3
1179,3
1180,5
1181,5
1182,4
1183,5
1184,4
1185,5
1186,4
1187,4
1188,0
1189,0
1190,0
1191,4
1192,0
1193,0
1194,5
1195,5
1196,0
1197,5
1198,0
1199,0
1200,3
1201,1
1202,1
1203,1
1204,4
1205,1
1206,0
1207,3
1208,0
1209,3
1210,4
1211,0
1212,0
1213,1
1214,0
1215,1
1216,4
1217,0
1218,0
1219,2
1220,1
1221,0
1222,3
1223,0
1224,0
1225,1
1226,1
1227,1
1228,0
1229,3
1230,3
1231,3
1232,1
1233,0
1234,1
1235,0
1236,3
1237,0
1238,4
1239,1
1240,1
1241,1
1242,4
1243,0
1244,0
1245,4
1246,4
1247,4
1248,3
1249,4
1250,0
1251,4
1252,4
1253,4
1254,0
1255,0
1256,0
1257,4
1258,4
1259,4
1260,4
1261,0
1262,4
1263,5
1264,1
1265,1
1266,5
1267,0
1268,0
1269,5
1270,1
1271,3
1272,5
1273,3
1274,3
1275,4
1276,4
1277,3
1278,3
1279,0
1280,4
1281,4
1282,5
1283,5
1284,5
1285,5
1286,1
1287,2
1288,1
1289,1
1290,1
1291,4
1292,5
1293,4
1294,5
1295,1
1296,1
1297,1
1298,1
1299,1
1300,3
1301,3
1302,3
1303,1
1304,0
1305,0
1306,1
1307,1
1308,3
1309,3
1310,4
1311,3
1312,1
1313,1
1314,0
1315,1
1316,3
1317,5
1318,5
1319,5
1320,3
1321,3
1322,3
1323,0
1324,4
1325,3
1326,4
1327,3
1328,3
1329,1
1330,3
1331,3
1332,4
1333,0
1334,0
1335,0
1336,0
1337,3
1338,3
1339,3
1340,3
1341,3
1342,3
1343,3
1344,3
1345,5
1346,5
1347,5
1348,3
1349,3
1350,4
1351,3
1352,0
1353,0
1354,1
1355,4
1356,4
1357,1
1358,1
1359,1
1360,1
1361,5
1362,5
1363,1
1364,0
1365,0
1366,1
1367,3
1368,1
1369,3
1370,1
1371,1
1372,1
1373,1
1374,1
1375,4
1376,1
1377,3
1378,4
1379,4
1380,4
1381,1
1382,1
1383,0
1384,1
1385,1
1386,1
1387,4
1388,4
1389,1
1390,5
1391,1
1392,1
1393,3
1394,3
1395,2
1396,1
1397,0
1398,1
1399,5
1400,2
1401,4
1402,4
1403,3
1404,2
1405,2
1406,1
1407,1
1408,1
1409,4
1410,1
1411,2
1412,1
1413,1
1414,2
1415,3
1416,1
1417,4
1418,4
1419,1
1420,4
1421,4
1422,5
1423,4
1424,1
1425,1
1426,0
1427,0
1428,0
1429,4
1430,5
1431,5
1432,5
1433,5
1434,5
1435,5
1436,4
1437,5
1438,1
1439,4
1440,5
1441,1
1442,5
1443,5
1444,5
1445,5
1446,1
1447,5
1448,5
1449,5
1450,5
1451,1
1452,1
1453,1
1454,1
1455,2
1456,1
1457,1
1458,4
1459,5
1460,0
1461,0
1462,0
1463,3
1464,3
1465,1
1466,3
1467,4
1468,0
1469,4
1470,0
1471,0
1472,3
1473,0
1474,0
1475,3
1476,1
1477,3
1478,2
1479,0
1480,0
1481,0
1482,0
1483,1
1484,0
1485,1
1486,0
1487,0
1488,1
1489,1
1490,1
1491,1
1492,1
1493,1
1494,4
1495,4
1496,1
1497,1
1498,2
1499,2
1500,0
1501,0
1502,1
1503,1
1504,0
1505,0
1506,3
1507,3
1508,1
1509,1
1510,3
1511,3
1512,0
1513,3
1514,0
1515,3
1516,3
1517,3
1518,0
1519,3
1520,5
1521,3
1522,5
1523,4
1524,1
1525,2
1526,4
1527,5
1528,3
1529,5
1530,5
1531,5
1532,5
1533,5
1534,1
1535,0
1536,0
1537,0
1538,1
1539,4
1540,0
1541,1
1542,4
1543,4
1544,0
1545,4
1546,4
1547,4
1548,4
1549,4
1550,4
1551,4
1552,4
1553,2
1554,2
1555,4
1556,4
1557,0
1558,0
1559,0
1560,2
1561,4
1562,0
1563,4
1564,2
1565,2
1566,1
1567,0
1568,2
1569,2
1570,4
1571,2
1572,0
1573,4
1574,1
1575,2
1576,2
1577,5
1578,5
1579,5
1580,2
1581,5
1582,2
1583,0
1584,0
1585,0
1586,0
1587,4
1588,3
1589,4
1590,5
1591,5
1592,0
1593,0
1594,0
1595,4
1596,4
1597,2
1598,0
1599,0
1600,5
1601,5
1602,3
1603,2
1604,4
1605,2
1606,4
1607,2
1608,2
1609,0
1610,3
1611,5
1612,3
1613,5
1614,3
1615,0
1616,3
1617,3
1618,3
1619,0
1620,3
1621,0
1622,1
1623,1
1624,3
1625,0
1626,0
1627,5
1628,5
1629,5
1630,3
1631,5
1632,3
1633,0
1634,1
1635,5
1636,1
1637,3
1638,1
1639,0
1640,3
1641,0
1642,5
1643,5
1644,5
1645,5
1646,0
1647,5
1648,5
1649,5
1650,5
1651,5
1652,5
1653,4
1654,4
1655,5
1656,5
1657,4
1658,3
1659,4
1660,3
1661,3
1662,4
1663,4
1664,5
1665,0
1666,3
1667,3
1668,0
1669,0
1670,5
1671,0
1672,3
1673,3
1674,3
1675,2
1676,2
1677,2
1678,2
1679,1
1680,4
1681,4
1682,4
1683,4
1684,1
1685,0
1686,1
1687,3
1688,3
1689,1
1690,5
1691,2
1692,4
1693,4
1694,4
1695,3
1696,2
1697,2
1698,4
1699,3
1700,2
1701,1
1702,4
1703,3
1704,2
1705,3
1706,3
1707,0
1708,2
1709,2
1710,2
1711,1
1712,1
1713,2
1714,1
1715,1
1716,2
1717,2
1718,0
1719,2
1720,2
1721,0
1722,2
1723,2
1724,0
1725,2
1726,1
1727,2
1728,0
1729,3
1730,1
1731,5
1732,1
1733,1
1734,1
1735,1
1736,2
1737,1
1738,1
1739,1
1740,1
1741,0
1742,0
1743,1
1744,2
1745,2
1746,4
1747,0
1748,0
1749,5
1750,1
1751,5
1752,0
1753,5
1754,4
1755,4
1756,4
1757,0
1758,5
1759,5
1760,4
1761,5
1762,5
1763,0
1764,0
1765,3
1766,3
1767,5
1768,3
1769,3
1770,5
1771,4
1772,5
1773,4
1774,2
1775,2
1776,4
1777,4
1778,0
1779,4
1780,4
1781,0
1782,1
1783,1
1784,0
1785,0
1786,3
1787,1
1788,5
1789,0
1790,0
1791,4
1792,4
1793,0
1794,0
1795,0
1796,2
1797,2
1798,4
1799,5
1800,5
1801,5
1802,3
1803,2
1804,2
1805,2
1806,5
1807,2
1808,5
1809,0
1810,1
1811,5
1812,5
1813,3
1814,3
1815,0
1816,0
1817,3
1818,3
1819,2
1820,0
1821,3
1822,3
1823,1
1824,2
1825,2
1826,1
1827,0
1828,5
1829,2
1830,5
1831,2
1832,1
1833,1
1834,4
1835,1
1836,3
1837,3
1838,1
1839,3
1840,1
1841,1
1842,1
1843,1
1844,5
1845,5
1846,0
1847,5
1848,5
1849,3
1850,0
1851,5
1852,0
1853,0
1854,0
1855,1
1856,1
1857,5
1858,1
1859,5
1860,3
1861,3
1862,3
1863,3
1864,1
1865,1
1866,3
1867,3
1868,3
1869,3
1870,1
1871,1
1872,3
1873,4
1874,3
1875,3
1876,5
1877,4
1878,5
1879,4
1880,5
1881,4
1882,5
1883,1
1884,3
1885,3
1886,5
1887,4
1888,4
1889,3
1890,4
1891,1
1892,3
1893,4
1894,1
1895,1
1896,4
1897,1
1898,1
1899,1
1900,4
1901,4
1902,4
1903,3
1904,4
1905,4
1906,4
1907,4
1908,5
1909,4
1910,3
1911,3
1912,0
1913,3
1914,1
1915,3
1916,4
1917,4
1918,1
1919,3
1920,4
1921,4
1922,4
1923,3
1924,3
1925,4
1926,4
1927,4
1928,4
1929,5
1930,5
1931,5
1932,2
1933,2
1934,1
1935,5
1936,1
1937,2
1938,2
1939,4
1940,4
1941,4
1942,3
1943,3
1944,4
1945,4
1946,2
1947,4
1948,5
1949,2
1950,2
1951,4
1952,4
1953,2
1954,4
1955,4
1956,4
1957,4
1958,5
1959,4
1960,0
1961,5
1962,3
1963,5
1964,3
1965,3
1966,3
1967,5
1968,4
1969,3
1970,0
1971,5
1972,5
1973,5
1974,5
1975,3
1976,4
1977,0
1978,4
1979,4
1980,0
1981,0
1982,5
1983,4
1984,4
1985,4
1986,2
1987,2
1988,4
1989,3
1990,3
1991,0
1992,5
1993,5
1994,3
1995,3
1996,4
1997,4
1998,4
1999,0
2000,4
2001,5
2002,4
2003,4
2004,1
2005,3
2006,1
2007,0
2008,0
2009,0
2010,0
2011,3
2012,4
2013,2
2014,1
2015,4
2016,0
2017,1
2018,4
2019,3
2020,4
2021,3
2022,1
2023,4
2024,4
2025,1
2026,4
2027,4
2028,4
2029,5
2030,0
2031,5
2032,5
2033,4
2034,1
2035,1
2036,1
2037,0
2038,1
2039,4
2040,5
2041,1
2042,3
2043,0
2044,0
2045,0
2046,0
2047,0
2048,0
2049,0
2050,4
2051,0
2052,1
2053,1
2054,3
2055,3
2056,3
2057,1
2058,1
2059,1
2060,1
2061,1
2062,2
2063,3
2064,4
2065,4
2066,5
2067,5
2068,4
2069,2
2070,4
2071,4
2072,4
2073,4
2074,2
2075,2
2076,3
2077,3
2078,3
2079,4
2080,2
2081,3
2082,3
2083,3
2084,5
2085,1
2086,3
2087,3
2088,5
2089,3
2090,4
2091,3
2092,4
2093,3
2094,4
2095,5
2096,5
2097,4
2098,5
2099,2
2100,0
2101,5
2102,4
2103,0
2104,0
2105,0
2106,5
2107,4
2108,5
2109,3
2110,0
2111,3
2112,3
2113,0
2114,5
2115,5
2116,4
2117,4
2118,4
2119,4
2120,3
2121,4
2122,4
2123,4
2124,4
2125,5
2126,1
2127,4
2128,4
2129,4
2130,3
2131,1
2132,3
2133,4
2134,3
2135,1
2136,1
2137,4
2138,4
2139,4
2140,4
2141,4
2142,4
2143,4
2144,4
2145,0
2146,5
2147,2
2148,2
2149,2
2150,4
2151,1
2152,1
2153,4
2154,4
2155,4
2156,1
2157,4
2158,4
2159,4
2160,4
2161,4
2162,2
2163,4
2164,1
2165,1
2166,1
2167,4
2168,0
2169,1
2170,5
2171,1
2172,4
2173,5
2174,5
2175,4
2176,4
2177,4
2178,4
2179,4
2180,4
2181,4
2182,1
2183,3
2184,4
2185,4
2186,4
2187,1
2188,1
2189,1
2190,3
2191,1
2192,3
2193,5
2194,2
2195,4
2196,4
2197,5
2198,5
2199,2
2200,5
2201,1
2202,3
2203,1
2204,5
2205,1
2206,1
2207,2
2208,2
2209,4
2210,4
2211,4
2212,1
2213,1
2214,1
2215,1
2216,2
2217,1
2218,2
2219,1
2220,1
2221,3
2222,3
2223,3
2224,2
2225,0
2226,1
2227,0
2228,2
2229,0
2230,1
2231,1
2232,1
2233,0
2234,0
2235,1
2236,1
2237,4
2238,2
2239,1
2240,1
2241,1
2242,5
2243,1
2244,0
2245,5
2246,0
2247,1
2248,5
2249,5
2250,3
2251,3
2252,0
2253,3
2254,0
2255,0
2256,5
2257,2
2258,5
2259,2
2260,0
2261,2
2262,3
2263,2
2264,2
2265,2
2266,2
2267,2
2268,2
2269,0
2270,0
2271,2
2272,5
2273,5
2274,5
2275,0
2276,1
2277,1
2278,3
2279,0
2280,1
2281,1
2282,3
2283,3
2284,4
2285,3
2286,3
2287,3
2288,0
2289,3
2290,3
2291,5
2292,5
2293,5
2294,4
2295,3
2296,3
2297,1
2298,3
2299,3
2300,4
2301,4
2302,4
2303,4
2304,5
2305,2
2306,2
2307,3
2308,2
2309,2
2310,2
2311,3
2312,3
2313,3
2314,3
2315,1
2316,1
2317,5
2318,2
2319,0
2320,0
2321,0
2322,0
2323,0
2324,0
2325,5
2326,4
2327,0
2328,1
2329,5
2330,0
2331,5
2332,0
2333,0
2334,0
2335,0
2336,0
2337,4
2338,0
2339,1
2340,1
2341,1
2342,1
2343,1
2344,1
2345,0
2346,0
2347,0
2348,5
2349,0
2350,4
2351,4
2352,0
2353,4
2354,1
2355,1
2356,0
2357,4
2358,1
2359,0
2360,4
2361,5
2362,5
2363,0
2364,0
2365,4
2366,0
2367,0
2368,4
2369,4
2370,4
2371,4
2372,4
2373,5
2374,5
2375,1
2376,0
2377,0
2378,5
2379,4
2380,1
2381,2
2382,2
2383,0
2384,2
2385,4
2386,2
2387,2
2388,1
2389,1
2390,4
2391,2
2392,2
2393,1
2394,5
2395,1
2396,1
2397,1
2398,1
2399,2
2400,5
2401,1
2402,0
2403,4
2404,0
2405,1
2406,1
2407,4
2408,0
2409,0
2410,1
2411,0
2412,1
2413,3
2414,0
2415,3
2416,0
2417,0
2418,0
2419,2
2420,2
2421,3
2422,3
2423,3
2424,0
2425,4
2426,2
2427,2
2428,4
2429,2
2430,5
2431,4
2432,5
2433,1
2434,3
2435,1
2436,2
2437,2
2438,5
2439,5
2440,5
2441,5
2442,4
2443,4
2444,3
2445,3
2446,2
2447,2
2448,4
2449,1
2450,2
2451,4
2452,2
2453,4
2454,3
2455,2
2456,2
2457,0
2458,0
2459,4
2460,4
2461,3
2462,2
2463,2
2464,2
2465,3
2466,2
2467,3
2468,3
2469,3
2470,3
2471,3
2472,0
2473,4
2474,4
2475,2
2476,5
2477,5
2478,2
2479,0
2480,2
2481,2
2482,1
2483,5
2484,3
2485,5
2486,3
2487,2
2488,5
2489,3
2490,0
2491,2
2492,0
2493,4
2494,4
2495,0
2496,0
2497,3
2498,2
2499,0
2500,1
2501,1
2502,4
2503,4
2504,2
2505,3
2506,3
2507,2
2508,2
2509,3
2510,3
2511,4
2512,1
2513,3
2514,0
2515,3
2516,3
2517,0
2518,5
2519,4
2520,3
2521,4
2522,0
2523,3
2524,5
2525,3
2526,5
2527,0
2528,3
2529,4
2530,3
2531,4
2532,0
2533,5
2534,3
2535,4
2536,1
2537,4
2538,4
2539,4
2540,1
2541,4
2542,1
2543,4
2544,0
2545,0
2546,4
2547,4
2548,5
2549,0
2550,0
2551,0
2552,0
2553,0
2554,0
2555,1
2556,1
2557,1
2558,0
2559,0
2560,0
2561,0
2562,4
2563,1
2564,0
2565,1
2566,1
2567,1
2568,1
2569,1
2570,1
2571,1
2572,2
2573,1
2574,1
2575,2
2576,1
2577,1
2578,1
2579,1
2580,1
2581,4
2582,2
2583,1
2584,2
2585,0
2586,2
2587,2
2588,5
2589,0
2590,0
2591,1
2592,2
2593,1
2594,2
2595,2
2596,1
2597,1
2598,2
2599,2
2600,2
2601,2
2602,2
2603,2
2604,2
2605,4
2606,5
2607,4
2608,1
2609,1
2610,4
2611,1
2612,1
2613,1
2614,1
2615,1
2616,4
2617,1
2618,2
2619,2
2620,1
2621,2
2622,1
2623,2
2624,1
2625,1
2626,2
2627,4
2628,4
2629,1
2630,4
2631,4
2632,4
2633,4
2634,4
2635,5
2636,5
2637,3
2638,3
2639,4
2640,4
2641,3
2642,1
2643,1
2644,4
2645,2
2646,4
2647,4
2648,1
2649,4
2650,1
2651,2
2652,1
2653,4
2654,0
2655,0
2656,1
2657,5
2658,3
2659,5
2660,2
2661,2
2662,2
2663,4
2664,5
2665,1
2666,4
2667,1
2668,1
2669,4
2670,4
2671,4
2672,2
2673,2
2674,2
2675,5
2676,5
2677,5
2678,2
2679,4
2680,5
2681,1
2682,5
2683,1
2684,1
2685,1
2686,1
2687,2
2688,3
2689,1
2690,2
2691,2
2692,1
2693,1
2694,1
2695,0
2696,1
2697,1
2698,4
2699,1
2700,1
2701,1
2702,2
2703,0
2704,5
2705,3
2706,0
2707,5
2708,5
2709,0
2710,1
2711,5
2712,1
2713,2
2714,1
2715,5
2716,5
2717,0
2718,4
2719,0
2720,0
2721,0
2722,4
2723,4
2724,1
2725,1
2726,0
2727,1
2728,1
2729,5
2730,5
2731,2
2732,4
2733,5
2734,2
2735,1
2736,5
2737,1
2738,1
2739,4
2740,1
2741,1
2742,1
2743,1
2744,1
2745,1
2746,1
2747,2
2748,2
2749,2
2750,2
2751,2
2752,2
2753,2
2754,1
2755,2
2756,2
2757,1
2758,4
2759,1
2760,1
2761,1
2762,1
2763,1
2764,5
2765,2
2766,4
2767,2
2768,0
2769,2
2770,4
2771,5
2772,1
2773,4
2774,2
2775,2
2776,4
2777,4
2778,1
2779,2
2780,2
2781,1
2782,2
2783,5
2784,5
2785,4
2786,4
2787,2
2788,2
2789,4
2790,2
2791,2
2792,2
2793,2
2794,1
2795,2
2796,2
2797,2
2798,2
2799,5
2800,5
2801,3
2802,3
2803,5
2804,4
2805,2
2806,4
2807,4
2808,1
2809,2
2810,2
2811,4
2812,5
2813,4
2814,4
2815,2
2816,2
2817,2
2818,2
2819,2
2820,2
2821,2
2822,4
2823,4
2824,2
2825,2
2826,2
2827,2
2828,0
2829,0
2830,5
2831,0
2832,0
2833,5
2834,5
2835,0
2836,5
2837,5
2838,5
2839,4
2840,0
2841,2
2842,0
2843,0
2844,0
2845,3
2846,0
2847,2
2848,4
2849,4
2850,4
2851,5
2852,5
2853,2
2854,4
2855,2
2856,4
2857,4
2858,4
2859,4
2860,4
2861,4
2862,4
2863,4
2864,2
2865,2
2866,2
2867,4
2868,3
2869,0
2870,2
2871,4
2872,3
2873,4
2874,4
2875,4
2876,0
2877,4
2878,1
2879,1
2880,4
2881,4
2882,4
2883,4
2884,4
2885,4
2886,2
2887,5
2888,4
2889,4
2890,5
2891,4
2892,5
2893,5
2894,5
2895,5
2896,4
2897,2
2898,2
2899,4
2900,5
2901,2
2902,2
2903,4
2904,2
2905,5
2906,1
2907,0
2908,4
2909,4
2910,4
2911,2
2912,4
2913,0
2914,4
2915,5
2916,2
2917,2
2918,2
2919,2
2920,4
2921,4
2922,5
2923,2
2924,4
2925,2
2926,2
2927,2
2928,2
2929,2
2930,2
2931,0
2932,3
2933,1
2934,2
2935,2
2936,1
2937,1
2938,2
2939,2
2940,1
2941,5
2942,5
2943,2
2944,2
2945,2
2946,2
2947,2
2948,4
2949,2
2950,0
2951,1
2952,0
2953,0
2954,0
2955,2
2956,0
2957,1
2958,2
2959,2
2960,2
2961,5
2962,1
2963,4
2964,2
2965,1
2966,4
2967,1
2968,2
2969,4
2970,1
2971,2
2972,5
2973,5
2974,2
2975,4
2976,0
2977,0
2978,2
2979,2
2980,2
2981,2
2982,1
2983,1
2984,2
2985,0
2986,1
2987,2
2988,2
2989,5
2990,0
2991,2
2992,4
2993,5
2994,4
2995,0
2996,0
2997,4
2998,2
2999,2
3000,2
3001,2
3002,2
3003,2
3004,2
3005,2
3006,3
3007,2
3008,2
3009,5
3010,0
3011,2
3012,2
3013,1
3014,2
3015,5
3016,2
3017,2
3018,2
3019,1
3020,1
3021,1
3022,2
3023,2
3024,1
3025,2
3026,2
3027,0
3028,0
3029,2
3030,2
3031,2
3032,5
3033,5
3034,1
3035,5
3036,5
3037,1
3038,1
3039,5
3040,1
3041,0
3042,1
3043,1
3044,0
3045,1
3046,1
3047,1
3048,1
3049,1
3050,1
3051,1
3052,1
3053,1
3054,1
3055,2
3056,0
3057,0
3058,3
3059,1
3060,1
3061,1
3062,3
3063,5
3064,1
3065,1
3066,0
3067,0
3068,1
3069,1
3070,1
3071,5
3072,0
3073,5
3074,0
3075,0
3076,0
3077,5
3078,5
3079,0
3080,1
3081,1
3082,1
3083,1
3084,1
3085,1
3086,1
3087,2
3088,5
3089,2
3090,0
3091,0
3092,3
3093,5
3094,5
3095,0
3096,0
3097,1
3098,1
3099,0
3100,1
3101,0
3102,1
3103,1
3104,1
3105,1
3106,5
3107,0
3108,1
3109,0
3110,0
3111,1
3112,1
3113,1
3114,1
3115,1
3116,5
3117,3
3118,1
3119,1
3120,5
3121,1
3122,1
3123,1
3124,1
3125,1
3126,1
3127,0
3128,1
3129,1
3130,1
3131,1
3132,1
3133,1
3134,0
3135,5
3136,1
3137,1
3138,1
3139,1
3140,1
3141,2
3142,0
3143,1
3144,1
3145,0
3146,2
3147,0
3148,0
3149,5
3150,5
3151,5
3152,5
3153,3
3154,1
3155,0
3156,3
3157,2
3158,0
3159,3
3160,0
3161,1
3162,5
3163,1
3164,2
3165,5
3166,1
3167,1
3168,5
3169,1
3170,1
3171,5
3172,3
3173,0
3174,5
3175,5
3176,1
3177,1
3178,3
3179,3
3180,5
3181,5
3182,1
3183,1
3184,3
3185,3
3186,0
3187,5
3188,3
3189,1
3190,1
3191,3
3192,4
3193,1
3194,4
3195,4
3196,0
3197,1
3198,3
3199,3
3200,1
3201,1
3202,1
3203,3
3204,3
3205,3
3206,3
3207,1
3208,3
3209,3
3210,1
3211,1
3212,1
3213,0
3214,3
3215,1
3216,1
3217,1
3218,1
3219,1
3220,0
3221,3
3222,4
3223,5
3224,2
3225,2
3226,2
3227,1
3228,5
3229,1
3230,1
3231,1
3232,1
3233,1
3234,1
3235,3
3236,1
3237,1
3238,1
3239,5
3240,1
3241,1
3242,3
3243,1
3244,1
3245,1
3246,2
3247,0
3248,1
3249,1
3250,0
3251,1
3252,5
3253,0
3254,0
3255,1
3256,1
3257,1
3258,0
3259,0
3260,5
3261,1
3262,1
3263,5
3264,1
3265,0
3266,3
3267,0
3268,1
3269,1
3270,1
3271,1
3272,0
3273,3
3274,1
3275,0
3276,1
3277,0
3278,0
3279,0
3280,3
3281,3
3282,0
3283,0
3284,0
3285,0
3286,1
3287,5
3288,0
3289,3
3290,1
3291,1
3292,0
3293,1
3294,1
3295,1
3296,1
3297,0
3298,0
3299,0
3300,0
3301,3
3302,1
3303,0
3304,1
3305,0
3306,5
3307,5
3308,0
3309,0
3310,4
3311,0
3312,0
3313,4
3314,1
3315,4
3316,0
3317,0
3318,5
3319,5
3320,5
3321,3
3322,3
3323,2
3324,0
3325,4
3326,5
3327,0
3328,4
3329,3
3330,0
3331,0
3332,1
3333,0
3334,0
3335,0
3336,0
3337,0
3338,4
3339,1
3340,4
3341,5
3342,0
3343,5
3344,1
3345,1
3346,5
3347,5
3348,0
3349,1
3350,1
3351,1
3352,0
3353,0
3354,0
3355,0
3356,0
3357,4
3358,1
3359,4
3360,4
3361,1
3362,5
3363,0
3364,0
3365,3
3366,3
3367,0
3368,3
3369,0
3370,1
3371,0
3372,1
3373,3
3374,0
3375,0
3376,3
3377,3
3378,3
3379,5
3380,3
3381,3
3382,0
3383,0
3384,1
3385,1
3386,0
3387,1
3388,0
3389,1
3390,0
3391,0
3392,0
3393,0
3394,0
3395,0
3396,0
3397,0
3398,0
3399,0
3400,0
3401,0
3402,0
3403,0
3404,1
3405,4
3406,1
3407,1
3408,1
3409,1
3410,0
3411,0
3412,0
3413,0
3414,0
3415,0
3416,1
3417,0
3418,0
3419,0
3420,0
3421,0
3422,3
3423,0
3424,0
3425,3
3426,0
3427,0
3428,0
3429,0
3430,0
3431,0
3432,0
3433,0
3434,0
3435,0
3436,1
3437,1
3438,1
3439,1
3440,0
3441,2
3442,1
3443,4
3444,4
3445,0
3446,0
3447,0
3448,2
3449,0
3450,0
3451,0
3452,0
3453,0
3454,0
3455,0
3456,0
3457,0
3458,2
3459,1
3460,2
3461,4
3462,4
3463,4
3464,2
3465,3
3466,2
3467,2
3468,3
3469,3
3470,2
3471,0
3472,0
3473,0
3474,0
3475,0
3476,0
3477,0
3478,0
3479,0
3480,1
3481,1
3482,0
3483,0
3484,2
3485,3
3486,3
3487,3
3488,0
3489,1
3490,1
3491,1
3492,0
3493,0
3494,0
3495,0
3496,0
3497,0
3498,3
3499,0
3500,1
3501,2
3502,0
3503,0
3504,0
3505,0
3506,0
3507,0
3508,0
3509,1
3510,5
3511,0
3512,0
3513,0
3514,0
3515,0
3516,0
3517,1
3518,0
3519,0
3520,4
3521,1
3522,5
3523,5
3524,4
3525,5
3526,1
3527,0
3528,4
3529,3
3530,3
3531,1
3532,0
3533,3
3534,3
3535,3
3536,5
3537,0
3538,5
3539,1
3540,1
3541,3
3542,0
3543,0
3544,0
3545,0
3546,0
3547,3
3548,3
3549,3
3550,5
3551,5
3552,3
3553,2
3554,5
3555,3
3556,5
3557,0
3558,0
3559,0
3560,0
3561,5
3562,3
3563,4
3564,3
3565,3
3566,5
3567,2
3568,3
3569,3
3570,3
3571,3
3572,3
3573,3
3574,0
3575,0
3576,0
3577,5
3578,5
3579,0
3580,0
3581,5
3582,4
3583,4
3584,5
3585,5
3586,4
3587,4
3588,3
3589,1
3590,1
3591,4
3592,1
3593,0
3594,4
3595,0
3596,0
3597,4
3598,5
3599,5
3600,1
3601,3
3602,3
3603,4
3604,1
3605,0
3606,0
3607,1
3608,0
3609,3
3610,0
3611,0
3612,3
3613,3
3614,4
3615,3
3616,3
3617,1
3618,5
3619,0
3620,1
3621,5
3622,3
3623,3
3624,4
3625,4
3626,4
3627,0
3628,3
3629,3
3630,3
3631,4
3632,4
3633,4
3634,3
3635,4
3636,5
3637,5
3638,0
3639,2
3640,0
3641,0
3642,0
3643,0
3644,5
3645,2
3646,2
3647,4
3648,4
3649,0
3650,5
3651,4
3652,5
3653,5
3654,0
3655,0
3656,1
3657,5
3658,0
3659,0
3660,4
3661,0
3662,1
3663,0
3664,0
3665,3
3666,0
3667,4
3668,4
3669,1
3670,4
3671,1
3672,1
3673,1
3674,0
3675,1
3676,2
3677,4
3678,0
3679,4
3680,2
3681,4
3682,5
3683,2
3684,0
3685,1
3686,4
3687,5
3688,5
3689,0
3690,0
3691,5
3692,0
3693,0
3694,0
3695,0
3696,2
3697,1
3698,0
3699,0
3700,1
3701,0
3702,1
3703,2
3704,5
3705,3
3706,4
3707,0
3708,3
3709,5
3710,5
3711,3
3712,3
3713,1
3714,3
3715,3
3716,2
3717,0
3718,0
3719,2
3720,3
3721,0
3722,2
3723,3
3724,5
3725,5
3726,5
3727,5
3728,5
3729,5
3730,5
3731,5
3732,2
3733,1
3734,2
3735,2
3736,2
3737,3
3738,0
3739,1
3740,1
3741,3
3742,3
3743,3
3744,5
3745,0
3746,0
3747,0
3748,0
3749,0
3750,0
3751,0
3752,3
3753,3
3754,0
3755,3
3756,3
3757,3
3758,3
3759,1
3760,0
3761,1
3762,4
3763,5
3764,5
3765,3
3766,1
3767,3
3768,1
3769,3
3770,3
3771,3
3772,3
3773,3
3774,3
3775,1
3776,3
3777,3
3778,3
3779,3
3780,0
3781,1
3782,1
3783,0
3784,1
3785,1
3786,1
3787,3
3788,0
3789,0
3790,0
3791,0
3792,0
3793,0
3794,3
3795,1
3796,1
3797,1
3798,3
3799,4
3800,1
3801,4
3802,4
3803,1
3804,3
3805,3
3806,3
3807,0
3808,3
3809,3
3810,3
3811,3
3812,3
3813,0
3814,4
3815,4
3816,3
3817,3
3818,4
3819,1
3820,4
3821,3
3822,3
3823,1
3824,4
3825,0
3826,0
3827,0
3828,4
3829,0
3830,4
3831,4
3832,3
3833,3
3834,3
3835,0
3836,4
3837,0
3838,1
3839,1
3840,0
3841,1
3842,1
3843,1
3844,3
3845,3
3846,0
3847,0
3848,0
3849,2
3850,2
3851,0
3852,1
3853,1
3854,3
3855,0
3856,0
3857,3
3858,2
3859,2
3860,2
3861,4
3862,2
3863,4
3864,4
3865,4
3866,3
3867,4
3868,2
3869,2
3870,4
3871,2
3872,4
3873,2
3874,2
3875,0
3876,2
3877,2
3878,2
3879,2
3880,2
3881,4
3882,3
3883,3
3884,3
3885,3
3886,4
3887,4
3888,2
3889,4
3890,4
3891,4
3892,2
3893,4
3894,3
3895,3
3896,1
3897,0
3898,1
3899,1
3900,0
3901,4
3902,4
3903,4
3904,0
3905,3
3906,1
3907,1
3908,3
3909,1
3910,1
3911,2
3912,0
3913,1
3914,1
3915,3
3916,0
3917,3
3918,3
3919,2
3920,2
3921,1
3922,1
3923,1
3924,4
3925,1
3926,2
3927,2
3928,4
3929,3
3930,1
3931,1
3932,1
3933,4
3934,4
3935,4
3936,1
3937,4
3938,4
3939,1
3940,5
3941,4
3942,0
3943,1
3944,3
3945,3
3946,1
3947,1
3948,4
3949,4
3950,1
3951,1
3952,1
3953,1
3954,1
3955,1
3956,1
3957,1
3958,5
3959,1
3960,0
3961,0
3962,1
3963,1
3964,1
3965,0
3966,1
3967,1
3968,1
3969,2
3970,4
3971,2
3972,2
3973,2
3974,0
3975,0
3976,3
3977,2
3978,0
3979,0
3980,0
3981,0
3982,0
3983,5
3984,1
3985,5
3986,1
3987,0
3988,0
3989,2
3990,3
3991,3
3992,1
3993,2
3994,1
3995,0
3996,5
3997,1
3998,1
3999,1
4000,0
4001,0
4002,3
4003,1
4004,0
4005,0
4006,0
4007,0
4008,1
4009,1
4010,0
4011,3
4012,1
4013,1
4014,1
4015,1
4016,1
4017,1
4018,1
4019,0
4020,0
4021,0
4022,3
4023,0
4024,1
4025,2
4026,1
4027,1
4028,1
4029,1
4030,1
4031,4
4032,1
4033,0
4034,0
4035,0
4036,1
4037,0
4038,0
4039,0
4040,0
4041,5
4042,5
4043,1
4044,1
4045,3
4046,1
4047,0
4048,1
4049,0
4050,0
4051,1
4052,3
4053,0
4054,0
4055,0
4056,0
4057,1
4058,0
4059,1
4060,0
4061,1
4062,5
4063,5
4064,5
4065,1
4066,0
4067,3
4068,0
4069,0
4070,1
4071,0
4072,3
4073,1
4074,3
4075,1
4076,0
4077,1
4078,0
4079,0
4080,0
4081,0
4082,1
4083,0
4084,3
4085,3
4086,3
4087,0
4088,0
4089,0
4090,5
4091,5
4092,1
4093,0
4094,0
4095,3
4096,3
4097,3
4098,0
4099,0
4100,3
4101,1
4102,3
4103,2
4104,1
4105,2
4106,2
4107,2
4108,2
4109,1
4110,5
4111,4
4112,4
4113,1
4114,1
4115,5
4116,4
4117,4
4118,3
4119,1
4120,0
4121,3
4122,1
4123,1
4124,4
4125,4
4126,1
4127,0
4128,0
4129,0
4130,2
4131,1
4132,4
4133,4
4134,4
4135,4
4136,4
4137,4
4138,0
4139,0
4140,4
4141,2
4142,2
4143,2
4144,1
4145,1
4146,4
4147,1
4148,4
4149,3
4150,3
4151,0
4152,0
4153,2
4154,0
4155,3
4156,0
4157,5
4158,5
4159,3
4160,5
4161,3
4162,3
4163,0
4164,3
4165,3
4166,2
4167,3
4168,1
4169,3
4170,2
4171,5
4172,5
4173,5
4174,0
4175,2
4176,0
4177,4
4178,5
4179,0
4180,3
4181,3
4182,0
4183,3
4184,0
4185,3
4186,3
4187,3
4188,2
4189,3
4190,3
4191,1
4192,3
4193,2
4194,1
4195,0
4196,3
4197,4
4198,1
4199,0
4200,2
4201,0
4202,2
4203,1
4204,1
4205,0
4206,1
4207,2
4208,3
4209,3
4210,1
4211,3
4212,4
4213,3
4214,4
4215,0
4216,1
4217,4
4218,3
4219,3
4220,3
4221,1
4222,4
4223,0
4224,4
4225,4
4226,4
4227,1
4228,2
4229,2
4230,5
4231,5
4232,5
4233,2
4234,3
4235,3
4236,1
4237,1
4238,1
4239,1
4240,4
4241,4
4242,4
4243,3
4244,1
4245,1
4246,1
4247,1
4248,1
4249,1
4250,1
4251,1
4252,4
4253,4
4254,4
4255,3
4256,1
4257,2
4258,1
4259,1
4260,1
4261,0
4262,1
4263,2
4264,4
4265,1
4266,1
4267,2
4268,2
4269,4
4270,4
4271,4
4272,4
4273,2
4274,2
4275,1
4276,0
4277,1
4278,1
4279,0
4280,4
4281,2
4282,2
4283,2
4284,4
4285,4
4286,2
4287,2
4288,4
4289,2
4290,2
4291,2
4292,2
4293,1
4294,1
4295,1
4296,2
4297,4
4298,4
4299,1
4300,1
4301,2
4302,0
4303,0
4304,2
4305,0
4306,2
4307,0
4308,2
4309,2
4310,4
4311,0
4312,0
4313,0
4314,1
4315,0
4316,2
4317,1
4318,2
4319,1
4320,1
4321,0
4322,0
4323,2
4324,0
4325,2
4326,0
4327,1
4328,2
4329,2
4330,2
4331,0
4332,2
4333,2
4334,2
4335,2
4336,2
4337,2
4338,2
4339,0
4340,0
4341,2
4342,2
4343,2
4344,4
4345,2
4346,2
4347,0
4348,0
4349,4
4350,4
4351,0
4352,4
4353,1
4354,4
4355,1
4356,1
4357,2
4358,3
4359,3
4360,2
4361,2
4362,2
4363,0
4364,2
4365,2
4366,0
4367,0
4368,0
4369,2
4370,2
4371,0
4372,0
4373,0
4374,0
4375,2
4376,2
4377,2
4378,1
4379,3
4380,1
4381,1
4382,1
4383,2
4384,2
4385,2
4386,2
4387,0
4388,0
4389,2
4390,0
4391,0
4392,0
4393,0
4394,1
4395,0
4396,2
4397,0
4398,1
4399,1
4400,1
4401,1
4402,1
4403,3
4404,2
4405,0
4406,2
4407,1
4408,2
4409,2
4410,2
4411,3
4412,2
4413,0
4414,0
4415,2
4416,0
4417,2
4418,1
4419,1
4420,3
4421,3
4422,2
4423,1
4424,3
4425,1
4426,2
4427,3
4428,1
4429,1
4430,2
4431,3
4432,2
4433,3
4434,3
4435,0
4436,2
4437,2
4438,3
4439,3
4440,2
4441,4
4442,3
4443,0
4444,3
4445,0
4446,0
4447,2
4448,2
4449,2
4450,2
4451,3
4452,3
4453,3
4454,0
4455,3
4456,5
4457,3
4458,2
4459,3
4460,1
4461,3
4462,5
4463,5
4464,5
4465,5
4466,1
4467,0
4468,1
4469,0
4470,2
4471,1
4472,0
4473,5
4474,1
4475,2
4476,0
4477,0
4478,5
4479,3
4480,0
4481,0
4482,0
4483,2
4484,0
4485,2
4486,0
4487,0
4488,0
4489,0
4490,2
4491,2
4492,0
4493,0
4494,0
4495,4
4496,3
4497,3
4498,3
4499,0
4500,2
4501,4
4502,3
4503,4
4504,4
4505,3
4506,2
4507,2
4508,2
4509,3
4510,3
4511,2
4512,2
4513,4
4514,2
4515,3
4516,2
4517,3
4518,0
4519,3
4520,3
4521,3
4522,0
4523,0
4524,0
4525,3
4526,1
4527,0
4528,4
4529,3
4530,0
4531,3
4532,0
4533,0
4534,0
4535,0
4536,3
4537,1
4538,0
4539,0
4540,3
4541,3
4542,2
4543,0
4544,5
4545,5
4546,5
4547,1
4548,3
4549,2
4550,2
4551,2
4552,3
4553,3
4554,3
4555,3
4556,3
4557,2
4558,2
4559,4
4560,0
4561,5
4562,2
4563,4
4564,5
4565,3
4566,0
4567,2
4568,4
4569,5
4570,0
4571,4
4572,2
4573,3
4574,3
4575,3
4576,3
4577,3
4578,3
4579,2
4580,3
4581,5
4582,5
4583,3
4584,5
4585,3
4586,3
4587,5
4588,0
4589,5
4590,2
4591,3
4592,0
4593,5
4594,5
4595,5
4596,5
4597,2
4598,5
4599,5
4600,0
4601,2
4602,1
4603,3
4604,3
4605,5
4606,4
4607,2
4608,0
4609,2
4610,2
4611,0
4612,0
4613,0
4614,0
4615,5
4616,0
4617,5
4618,0
4619,0
4620,0
4621,0
4622,0
4623,1
4624,0
4625,0
4626,5
4627,5
4628,5
4629,0
4630,0
4631,0
4632,0
4633,0
4634,0
4635,3
4636,5
4637,5
4638,0
4639,0
4640,0
4641,0
4642,3
4643,0
4644,5
4645,3
4646,5
4647,0
4648,0
4649,2
4650,0
4651,0
4652,0
4653,0
4654,0
4655,5
4656,0
4657,0
4658,0
4659,5
4660,0
4661,2
4662,2
4663,0
4664,0
4665,1
4666,1
4667,5
4668,5
4669,0
4670,1
4671,0
4672,1
4673,1
4674,0
4675,0
4676,3
4677,0
4678,5
4679,3
4680,3
4681,0
4682,5
4683,0
4684,3
4685,5
4686,3
4687,3
4688,3
4689,0
4690,3
4691,3
4692,3
4693,0
4694,0
4695,1
4696,5
4697,0
4698,0
4699,3
4700,3
4701,0
4702,5
4703,5
4704,5
4705,3
4706,1
4707,1
4708,1
4709,4
4710,4
4711,4
4712,4
4713,5
4714,0
4715,1
4716,1
4717,3
4718,3
4719,4
4720,3
4721,1
4722,3
4723,5
4724,3
4725,3
4726,0
4727,0
4728,0
4729,3
4730,0
4731,0
4732,3
4733,0
4734,0
4735,2
4736,2
4737,2
4738,2
4739,2
4740,0
4741,5
4742,0
4743,0
4744,3
4745,3
4746,3
4747,3
4748,3
4749,3
4750,0
4751,0
4752,0
4753,3
4754,0
4755,3
4756,0
4757,3
4758,2
4759,2
4760,0
4761,0
4762,1
4763,0
4764,0
4765,1
4766,1
4767,2
4768,0
4769,2
4770,2
4771,3
4772,3
4773,2
4774,3
4775,0
4776,3
4777,1
4778,4
4779,4
4780,1
4781,1
4782,1
4783,2
4784,3
4785,3
4786,3
4787,3
4788,4
4789,4
4790,2
4791,2
4792,2
4793,1
4794,1
4795,2
4796,3
4797,3
4798,0
4799,3
4800,1
4801,3
4802,1
4803,5
4804,0
4805,3
4806,3
4807,1
4808,1
4809,2
4810,2
4811,2
4812,1
4813,3
4814,0
4815,3
4816,3
4817,3
4818,0
4819,5
4820,0
4821,1
4822,0
4823,4
4824,3
4825,0
4826,0
4827,3
4828,4
4829,3
4830,3
4831,0
4832,0
4833,0
4834,0
4835,0
4836,0
4837,0
4838,1
4839,5
4840,5
4841,3
4842,3
4843,3
4844,3
4845,3
4846,2
4847,3
4848,2
4849,2
4850,2
4851,2
4852,3
4853,1
4854,1
4855,4
4856,2
4857,3
4858,0
4859,0
4860,3
4861,0
4862,1
4863,3
4864,4
4865,4
4866,3
4867,3
4868,2
4869,3
4870,3
4871,2
4872,1
4873,1
4874,3
4875,3
4876,1
4877,3
4878,1
4879,0
4880,1
4881,3
4882,1
4883,1
4884,0
4885,0
4886,3
4887,0
4888,1
4889,0
4890,0
4891,3
4892,2
4893,2
4894,1
4895,3
4896,2
4897,1
4898,1
4899,2
4900,2
4901,3
4902,3
4903,3
4904,1
4905,2
4906,1
4907,0
4908,1
4909,0
4910,0
4911,0
4912,0
4913,1
4914,0
4915,0
4916,0
4917,3
4918,0
4919,1
4920,3
4921,3
4922,0
4923,0
4924,3
4925,2
4926,0
4927,2
4928,2
4929,2
4930,2
4931,1
4932,1
4933,1
4934,2
4935,1
4936,2
4937,0
4938,0
4939,0
4940,2
4941,0
4942,2
4943,0
4944,0
4945,0
4946,3
4947,3
4948,0
4949,3
4950,3
4951,3
4952,3
4953,1
4954,2
4955,0
4956,0
4957,0
4958,3
4959,2
4960,3
4961,2
4962,2
4963,2
4964,1
4965,0
4966,2
4967,2
4968,2
4969,0
4970,3
4971,1
4972,0
4973,0
4974,0
4975,0
4976,0
4977,0
4978,0
4979,1
4980,1
4981,1
4982,0
4983,3
4984,3
4985,3
4986,0
4987,0
4988,4
4989,2
4990,2
4991,0
4992,0
4993,0
4994,1
4995,2
4996,3
4997,3
4998,3
4999,3
5000,5
5001,3
5002,4
5003,3
5004,5
5005,5
5006,4
5007,0
5008,3
5009,5
5010,1
5011,0
5012,1
5013,1
5014,1
5015,0
5016,5
5017,2
5018,5
5019,3
5020,0
5021,5
5022,5
5023,3
5024,4
5025,0
5026,1
5027,0
5028,0
5029,0
5030,0
5031,0
5032,0
5033,0
5034,0
5035,2
5036,1
5037,5
5038,2
5039,3
5040,3
5041,3
5042,4
5043,2
5044,2
5045,2
5046,2
5047,2
5048,1
5049,2
5050,1
5051,1
5052,2
5053,2
5054,3
5055,0
5056,0
5057,2
5058,0
5059,0
5060,2
5061,2
5062,0
5063,0
5064,0
5065,0
5066,0
5067,2
5068,0
5069,0
5070,0
5071,0
5072,2
5073,1
5074,1
5075,0
5076,0
5077,0
5078,4
5079,4
5080,5
5081,4
5082,5
5083,0
5084,0
5085,3
5086,1
5087,1
5088,0
5089,3
5090,3
5091,2
5092,0
5093,3
5094,3
5095,3
5096,0
5097,0
5098,4
5099,1
5100,2
5101,2
5102,0
5103,1
5104,5
5105,1
5106,2
5107,2
5108,4
5109,0
5110,0
5111,4
5112,4
5113,1
5114,1
5115,5
5116,1
5117,5
5118,1
5119,1
5120,1
5121,2
5122,1
5123,3
5124,5
5125,0
5126,5
5127,5
5128,5
5129,5
5130,5
5131,5
5132,1
5133,3
5134,1
5135,1
5136,1
5137,1
5138,3
5139,1
5140,2
5141,2
5142,1
5143,2
5144,2
5145,2
5146,2
5147,2
5148,2
5149,2
5150,0
5151,3
5152,3
5153,2
5154,1
5155,5
5156,1
5157,1
5158,1
5159,1
5160,1
5161,1
5162,1
5163,2
5164,1
5165,3
5166,5
5167,0
5168,3
5169,5
5170,5
5171,4
5172,1
5173,5
5174,5
5175,4
5176,4
5177,3
5178,4
5179,3
5180,3
5181,3
5182,2
5183,2
5184,2
5185,2
5186,5
5187,1
5188,2
5189,2
5190,5
5191,0
5192,0
5193,3
5194,3
5195,2
5196,0
5197,3
5198,0
5199,2
5200,2
5201,1
5202,2
5203,0
5204,0
5205,0
5206,0
5207,2
5208,0
5209,1
5210,2
5211,1
5212,1
5213,2
5214,1
5215,3
5216,2
5217,2
5218,1
5219,1
5220,0
5221,1
5222,0
5223,2
5224,1
5225,1
5226,2
5227,1
5228,1
5229,0
5230,1
5231,2
5232,2
5233,1
5234,1
5235,0
5236,1
5237,0
5238,0
5239,1
5240,5
5241,0
5242,4
5243,0
5244,0
5245,1
5246,0
5247,0
5248,0
5249,1
5250,1
5251,1
5252,1
5253,1
5254,1
5255,0
5256,0
5257,4
5258,4
5259,0
5260,1
5261,0
5262,0
5263,3
5264,4
5265,0
5266,1
5267,0
5268,0
5269,3
5270,2
5271,4
5272,1
5273,3
5274,1
5275,1
5276,1
5277,1
5278,1
5279,2
5280,1
5281,4
5282,4
5283,2
5284,4
5285,5
5286,3
5287,5
5288,4
5289,4
5290,3
5291,5
5292,2
5293,4
5294,0
5295,5
5296,0
5297,5
5298,0
5299,2
5300,3
5301,0
5302,0
5303,0
5304,0
5305,0
5306,0
5307,0
5308,0
5309,0
5310,3
5311,0
5312,3
5313,3
5314,0
5315,2
5316,2
5317,2
5318,2
5319,2
5320,2
5321,2
5322,2
5323,0
5324,0
5325,0
5326,0
5327,0
5328,2
5329,2
5330,1
5331,0
5332,0
5333,0
5334,0
5335,1
5336,2
5337,2
5338,0
5339,0
5340,0
5341,2
5342,2
5343,4
5344,4
5345,4
5346,2
5347,0
5348,3
5349,4
5350,2
5351,0
5352,0
5353,2
5354,2
5355,4
5356,2
5357,2
5358,2
5359,0
5360,0
5361,0
5362,0
5363,0
5364,0
5365,0
5366,3
5367,3
5368,3
5369,4
5370,4
5371,0
5372,4
5373,0
5374,4
5375,2
5376,0
5377,0
5378,0
5379,2
5380,0
5381,0
5382,2
5383,2
5384,0
5385,0
5386,0
5387,0
5388,4
5389,4
5390,4
5391,5
5392,2
5393,2
5394,0
5395,0
5396,3
5397,4
5398,5
5399,0
5400,4
5401,3
5402,0
5403,3
5404,3
5405,2
5406,1
5407,4
5408,4
5409,4
5410,0
5411,0
5412,0
5413,0
5414,0
5415,1
5416,4
5417,0
5418,4
5419,1
5420,3
5421,2
5422,3
5423,1
5424,4
5425,2
5426,3
5427,1
5428,2
5429,4
5430,0
5431,3
5432,3
5433,0
5434,4
5435,4
5436,0
5437,4
5438,4
5439,4
5440,0
5441,0
5442,0
5443,0
5444,4
5445,4
5446,4
5447,4
5448,4
5449,4
5450,4
5451,4
5452,1
5453,1
5454,2
5455,0
5456,0
5457,3
5458,3
5459,1
5460,1
5461,2
5462,2
5463,1
5464,1
5465,1
5466,3
5467,3
5468,2
5469,2
5470,2
5471,2
5472,4
5473,4
5474,0
5475,0
5476,0
5477,5
5478,0
5479,0
5480,5
5481,0
5482,2
5483,2
5484,2
5485,0
5486,0
5487,2
5488,5
5489,2
5490,2
5491,1
5492,0
5493,0
5494,1
5495,0
5496,2
5497,2
5498,1
5499,1
5500,0
5501,1
5502,1
5503,2
5504,0
5505,2
5506,0
5507,2
5508,0
5509,0
5510,2
5511,0
5512,0
5513,0
5514,0
5515,1
5516,2
5517,5
5518,1
5519,2
5520,2
5521,4
5522,2
5523,4
5524,4
5525,2
5526,2
5527,2
5528,2
5529,2
5530,2
5531,2
5532,0
5533,2
5534,2
5535,3
5536,5
5537,1
5538,5
5539,1
5540,2
5541,1
5542,1
5543,2
5544,1
5545,2
5546,0
5547,2
5548,0
5549,0
5550,0
5551,1
5552,2
5553,1
5554,1
5555,2
5556,2
5557,0
5558,1
5559,1
5560,2
5561,4
5562,2
5563,2
5564,2
5565,0
5566,0
5567,0
5568,1
5569,5
5570,5
5571,1
5572,1
5573,3
5574,2
5575,1
5576,1
5577,0
5578,2
5579,0
5580,2
5581,2
5582,2
5583,2
5584,2
5585,2
5586,2
5587,4
5588,4
5589,3
5590,3
5591,3
5592,4
5593,3
5594,4
5595,2
5596,3
5597,3
5598,0
5599,5
5600,2
5601,0
5602,1
5603,1
5604,1
5605,1
5606,1
5607,1
5608,4
5609,1
5610,1
5611,1
5612,2
5613,4
5614,4
5615,1
5616,4
5617,2
5618,1
5619,4
5620,1
5621,2
5622,2
5623,2
5624,1
5625,2
5626,1
5627,1
5628,1
5629,2
5630,4
5631,1
5632,2
5633,2
5634,2
5635,1
5636,2
5637,2
5638,2
5639,1
5640,1
5641,1
5642,3
5643,3
5644,4
5645,4
5646,5
5647,5
5648,1
5649,2
5650,2
5651,3
5652,3
5653,3
5654,1
5655,1
5656,3
5657,2
5658,2
5659,1
5660,1
5661,2
5662,1
5663,1
5664,2
5665,1
5666,2
5667,1
5668,1
5669,1
5670,1
5671,1
5672,3
5673,2
5674,3
5675,2
5676,2
5677,1
5678,0
5679,4
5680,1
5681,4
5682,4
5683,1
5684,1
5685,2
5686,2
5687,2
5688,2
5689,2
5690,1
5691,1
5692,2
5693,1
5694,1
5695,1
5696,1
5697,1
5698,1
5699,1
5700,0
5701,1
5702,0
5703,2
5704,3
5705,1
5706,3
5707,0
5708,3
5709,3
5710,0
5711,5
5712,3
5713,4
5714,2
5715,4
5716,2
5717,2
5718,2
5719,1
5720,5
5721,4
5722,5
5723,5
5724,5
5725,2
5726,0
5727,5
5728,0
5729,0
5730,0
5731,0
5732,2
5733,2
5734,0
5735,3
5736,2
5737,2
5738,3
5739,3
5740,2
5741,3
5742,0
5743,5
5744,4
5745,4
5746,5
5747,5
5748,5
5749,0
5750,0
5751,0
5752,2
5753,2
5754,5
5755,3
5756,3
5757,2
5758,2
5759,2
5760,2
5761,2
5762,2
5763,2
5764,2
5765,0
5766,2
5767,0
5768,0
5769,2
5770,2
5771,2
5772,0
5773,2
5774,2
5775,0
5776,0
5777,5
5778,2
5779,1
5780,2
5781,2
5782,2
5783,2
5784,1
5785,0
5786,0
5787,2
5788,2
5789,1
5790,1
5791,1
5792,0
5793,1
5794,0
5795,0
5796,1
5797,1
5798,1
5799,2
5800,2
5801,2
5802,2
5803,2
5804,2
5805,2
5806,2
5807,0
5808,2
5809,0
5810,3
5811,3
5812,1
5813,0
5814,3
5815,0
5816,0
5817,0
5818,2
5819,2
5820,1
5821,2
5822,1
5823,2
5824,1
5825,2
5826,2
5827,2
5828,3
5829,3
5830,2
5831,3
5832,2
5833,1
5834,2
5835,2
5836,2
5837,2
5838,3
5839,3
5840,1
5841,2
5842,2
5843,3
5844,2
5845,3
5846,5
5847,2
5848,2
5849,5
5850,2
5851,2
5852,3
5853,4
5854,4
5855,2
5856,2
5857,3
5858,2
5859,2
5860,2
5861,1
5862,1
5863,1
5864,1
5865,2
5866,1
5867,2
5868,4
5869,1
5870,2
5871,4
5872,4
5873,1
5874,2
5875,4
5876,3
5877,3
5878,3
5879,3
5880,3
5881,3
5882,2
5883,1
5884,1
5885,1
5886,3
5887,3
5888,3
5889,2
5890,3
5891,2
5892,3
5893,3
5894,3
5895,3
5896,2
5897,2
5898,1
5899,1
5900,1
5901,3
5902,3
5903,5
5904,2
5905,2
5906,2
5907,1
5908,5
5909,1
5910,1
5911,1
5912,1
5913,5
5914,4
5915,4
5916,3
5917,3
5918,3
5919,4
5920,3
5921,2
5922,4
5923,4
5924,2
5925,1
5926,3
5927,2
5928,0
5929,0
5930,2
5931,2
5932,3
5933,2
5934,3
5935,0
5936,3
5937,3
5938,1
5939,1
5940,4
5941,4
5942,3
5943,0
5944,5
5945,2
5946,2
5947,2
5948,2
5949,2
5950,0
5951,4
5952,4
5953,4
5954,3
5955,3
5956,4
5957,3
5958,3
5959,4
5960,3
5961,2
5962,3
5963,3
5964,1
5965,3
5966,3
5967,2
5968,3
5969,3
5970,3
5971,3
5972,3
5973,2
5974,3
5975,3
5976,0
5977,3
5978,3
5979,3
5980,2
5981,0
5982,0
5983,0
5984,2
5985,0
5986,0
5987,3
5988,3
5989,3
5990,0
5991,2
5992,2
5993,0
5994,3
5995,0
5996,3
5997,3
5998,1
5999,1
6000,1
