# init_type: comp_sim_my_rep, Number of clusters: 6
# Frame Index, Cluster Index
0,5
1,1
2,5
3,5
4,5
5,2
6,2
7,5
8,2
9,2
10,1
11,5
12,1
13,1
14,2
15,5
16,2
17,5
18,0
19,0
20,0
21,2
22,1
23,5
24,1
25,5
26,5
27,1
28,2
29,5
30,4
31,5
32,0
33,2
34,5
35,5
36,0
37,1
38,5
39,1
40,0
41,0
42,0
43,1
44,1
45,5
46,5
47,1
48,1
49,1
50,5
51,5
52,5
53,1
54,1
55,1
56,2
57,2
58,0
59,1
60,2
61,2
62,0
63,0
64,2
65,5
66,5
67,2
68,5
69,5
70,5
71,5
72,1
73,1
74,2
75,3
76,3
77,3
78,0
79,0
80,0
81,5
82,0
83,5
84,2
85,0
86,1
87,1
88,1
89,1
90,3
91,2
92,1
93,2
94,2
95,2
96,1
97,2
98,1
99,1
100,4
101,4
102,3
103,5
104,5
105,2
106,5
107,5
108,0
109,0
110,1
111,0
112,5
113,5
114,2
115,2
116,4
117,3
118,3
119,0
120,0
121,3
122,3
123,2
124,2
125,1
126,0
127,0
128,2
129,2
130,0
131,1
132,1
133,5
134,1
135,3
136,0
137,0
138,0
139,0
140,0
141,0
142,1
143,1
144,1
145,0
146,0
147,5
148,5
149,1
150,1
151,0
152,0
153,4
154,4
155,4
156,3
157,0
158,0
159,0
160,0
161,0
162,1
163,4
164,4
165,5
166,0
167,2
168,0
169,4
170,4
171,0
172,4
173,0
174,4
175,0
176,4
177,0
178,3
179,3
180,1
181,3
182,5
183,0
184,5
185,2
186,2
187,2
188,4
189,0
190,0
191,0
192,3
193,4
194,0
195,4
196,4
197,0
198,3
199,3
200,0
201,4
202,0
203,0
204,4
205,4
206,0
207,4
208,4
209,4
210,4
211,4
212,5
213,0
214,2
215,5
216,5
217,0
218,0
219,5
220,0
221,0
222,0
223,5
224,0
225,0
226,4
227,0
228,2
229,0
230,0
231,2
232,3
233,0
234,0
235,3
236,3
237,4
238,0
239,0
240,0
241,2
242,4
243,0
244,4
245,4
246,4
247,0
248,4
249,0
250,0
251,3
252,0
253,3
254,4
255,0
256,4
257,2
258,2
259,2
260,2
261,1
262,1
263,2
264,1
265,2
266,0
267,2
268,1
269,2
270,5
271,5
272,0
273,0
274,0
275,5
276,0
277,0
278,2
279,2
280,0
281,0
282,0
283,0
284,1
285,2
286,1
287,1
288,5
289,0
290,0
291,2
292,5
293,0
294,0
295,0
296,2
297,1
298,3
299,1
300,4
301,3
302,0
303,0
304,0
305,2
306,1
307,0
308,0
309,0
310,5
311,1
312,0
313,0
314,1
315,1
316,0
317,0
318,0
319,2
320,0
321,0
322,0
323,1
324,5
325,0
326,5
327,0
328,5
329,0
330,1
331,5
332,5
333,2
334,4
335,2
336,2
337,5
338,2
339,5
340,2
341,2
342,5
343,4
344,1
345,5
346,5
347,1
348,1
349,1
350,1
351,1
352,1
353,1
354,5
355,5
356,2
357,2
358,5
359,0
360,0
361,0
362,0
363,1
364,3
365,3
366,3
367,0
368,0
369,3
370,3
371,1
372,1
373,1
374,0
375,0
376,0
377,3
378,0
379,0
380,0
381,0
382,0
383,0
384,0
385,3
386,5
387,5
388,5
389,0
390,1
391,0
392,0
393,1
394,1
395,1
396,0
397,3
398,3
399,0
400,1
401,5
402,1
403,2
404,5
405,0
406,3
407,3
408,1
409,2
410,0
411,1
412,1
413,5
414,5
415,5
416,1
417,3
418,0
419,0
420,5
421,1
422,5
423,0
424,3
425,3
426,1
427,2
428,1
429,1
430,1
431,2
432,1
433,1
434,2
435,1
436,0
437,1
438,1
439,0
440,0
441,1
442,5
443,1
444,1
445,1
446,5
447,1
448,0
449,1
450,1
451,0
452,3
453,2
454,1
455,5
456,1
457,5
458,1
459,5
460,1
461,2
462,1
463,1
464,5
465,0
466,0
467,1
468,5
469,3
470,0
471,0
472,0
473,1
474,1
475,3
476,3
477,0
478,0
479,2
480,2
481,1
482,1
483,1
484,3
485,2
486,2
487,1
488,1
489,2
490,2
491,3
492,1
493,2
494,2
495,3
496,0
497,2
498,1
499,0
500,2
501,3
502,2
503,2
504,2
505,2
506,3
507,2
508,2
509,2
510,1
511,2
512,2
513,2
514,2
515,2
516,2
517,2
518,0
519,2
520,3
521,0
522,2
523,1
524,1
525,1
526,5
527,1
528,5
529,5
530,5
531,5
532,2
533,0
534,0
535,1
536,0
537,1
538,1
539,1
540,1
541,2
542,2
543,2
544,2
545,2
546,1
547,1
548,2
549,1
550,1
551,1
552,1
553,1
554,0
555,0
556,1
557,1
558,2
559,1
560,1
561,5
562,1
563,0
564,5
565,1
566,1
567,1
568,1
569,0
570,0
571,1
572,3
573,1
574,1
575,3
576,1
577,0
578,1
579,1
580,1
581,1
582,1
583,3
584,5
585,1
586,1
587,1
588,1
589,1
590,1
591,1
592,4
593,1
594,1
595,1
596,2
597,2
598,1
599,3
600,1
601,3
602,2
603,5
604,1
605,1
606,1
607,1
608,1
609,1
610,1
611,0
612,1
613,1
614,1
615,2
616,1
617,0
618,1
619,0
620,0
621,3
622,3
623,1
624,3
625,0
626,0
627,2
628,1
629,1
630,1
631,2
632,2
633,1
634,1
635,1
636,1
637,0
638,1
639,1
640,1
641,1
642,1
643,1
644,1
645,3
646,3
647,3
648,0
649,1
650,0
651,0
652,2
653,1
654,2
655,0
656,1
657,1
658,0
659,0
660,1
661,0
662,0
663,3
664,1
665,1
666,5
667,1
668,1
669,0
670,2
671,1
672,0
673,1
674,2
675,1
676,1
677,1
678,1
679,1
680,1
681,1
682,1
683,1
684,1
685,1
686,3
687,1
688,3
689,1
690,4
691,1
692,2
693,1
694,2
695,3
696,3
697,0
698,4
699,0
700,3
701,1
702,0
703,0
704,4
705,5
706,4
707,0
708,0
709,4
710,0
711,1
712,2
713,1
714,3
715,2
716,1
717,1
718,1
719,1
720,1
721,1
722,1
723,1
724,0
725,3
726,3
727,0
728,4
729,4
730,4
731,4
732,3
733,2
734,1
735,1
736,1
737,1
738,1
739,4
740,1
741,4
742,4
743,4
744,1
745,2
746,1
747,1
748,1
749,1
750,4
751,1
752,1
753,1
754,1
755,3
756,1
757,1
758,0
759,3
760,1
761,3
762,0
763,0
764,3
765,0
766,0
767,1
768,3
769,1
770,0
771,2
772,2
773,0
774,2
775,2
776,2
777,2
778,1
779,3
780,2
781,2
782,3
783,3
784,3
785,2
786,2
787,1
788,0
789,1
790,3
791,3
792,3
793,1
794,1
795,1
796,1
797,1
798,1
799,1
800,1
801,1
802,3
803,3
804,3
805,3
806,3
807,0
808,2
809,0
810,1
811,1
812,1
813,3
814,0
815,0
816,0
817,0
818,0
819,2
820,2
821,3
822,2
823,2
824,3
825,3
826,3
827,0
828,1
829,5
830,2
831,3
832,3
833,1
834,3
835,3
836,1
837,3
838,5
839,2
840,5
841,1
842,5
843,2
844,2
845,2
846,1
847,1
848,2
849,3
850,1
851,1
852,1
853,1
854,1
855,1
856,0
857,5
858,5
859,0
860,5
861,5
862,5
863,5
864,5
865,5
866,2
867,2
868,0
869,2
870,1
871,1
872,3
873,1
874,1
875,1
876,1
877,1
878,1
879,3
880,1
881,1
882,0
883,5
884,0
885,0
886,1
887,1
888,1
889,2
890,2
891,1
892,2
893,4
894,4
895,2
896,5
897,5
898,5
899,2
900,3
901,5
902,2
903,5
904,5
905,1
906,3
907,1
908,2
909,2
910,3
911,0
912,0
913,2
914,0
915,2
916,0
917,2
918,4
919,2
920,2
921,1
922,1
923,2
924,5
925,1
926,4
927,1
928,4
929,1
930,1
931,2
932,2
933,0
934,3
935,3
936,3
937,1
938,1
939,4
940,4
941,5
942,5
943,4
944,4
945,3
946,3
947,3
948,5
949,3
950,2
951,2
952,1
953,2
954,1
955,4
956,4
957,3
958,5
959,5
960,4
961,4
962,5
963,4
964,5
965,5
966,2
967,5
968,5
969,5
970,2
971,2
972,5
973,2
974,2
975,5
976,5
977,2
978,5
979,5
980,1
981,3
982,5
983,5
984,5
985,3
986,3
987,3
988,3
989,2
990,2
991,2
992,3
993,3
994,2
995,2
996,2
997,5
998,5
999,2
1000,5
1001,5
1002,3
1003,2
1004,2
1005,3
1006,3
1007,3
1008,0
1009,0
1010,5
1011,3
1012,3
1013,4
1014,5
1015,0
1016,5
1017,2
1018,0
1019,3
1020,0
1021,2
1022,3
1023,2
1024,5
1025,0
1026,0
1027,0
1028,0
1029,0
1030,5
1031,3
1032,3
1033,2
1034,0
1035,2
1036,2
1037,2
1038,0
1039,5
1040,5
1041,5
1042,5
1043,5
1044,5
1045,5
1046,5
1047,5
1048,5
1049,0
1050,5
1051,0
1052,5
1053,2
1054,2
1055,0
1056,2
1057,4
1058,5
1059,2
1060,2
1061,2
1062,3
1063,4
1064,0
1065,3
1066,3
1067,4
1068,4
1069,2
1070,2
1071,3
1072,1
1073,2
1074,2
1075,2
1076,5
1077,5
1078,2
1079,2
1080,1
1081,3
1082,5
1083,5
1084,5
1085,5
1086,5
1087,0
1088,0
1089,0
1090,1
1091,0
1092,1
1093,5
1094,5
1095,0
1096,0
1097,3
1098,5
1099,5
1100,2
1101,2
1102,1
1103,1
1104,1
1105,1
1106,2
1107,2
1108,0
1109,5
1110,5
1111,2
1112,2
1113,1
1114,2
1115,1
1116,2
1117,5
1118,5
1119,1
1120,5
1121,5
1122,5
1123,1
1124,5
1125,5
1126,2
1127,0
1128,0
1129,2
1130,2
1131,2
1132,2
1133,2
1134,1
1135,2
1136,2
1137,2
1138,2
1139,2
1140,4
1141,3
1142,3
1143,4
1144,2
1145,4
1146,3
1147,3
1148,2
1149,5
1150,5
1151,5
1152,5
1153,3
1154,3
1155,2
1156,2
1157,2
1158,2
1159,1
1160,2
1161,1
1162,1
1163,2
1164,5
1165,5
1166,2
1167,4
1168,4
1169,2
1170,4
1171,2
1172,4
1173,2
1174,5
1175,5
1176,1
1177,2
1178,2
1179,2
1180,5
1181,5
1182,4
1183,5
1184,4
1185,5
1186,4
1187,4
1188,1
1189,1
1190,2
1191,4
1192,1
1193,1
1194,5
1195,5
1196,1
1197,5
1198,1
1199,1
1200,2
1201,0
1202,0
1203,0
1204,4
1205,0
1206,1
1207,2
1208,2
1209,2
1210,4
1211,1
1212,1
1213,0
1214,1
1215,0
1216,4
1217,1
1218,1
1219,3
1220,0
1221,2
1222,2
1223,1
1224,2
1225,0
1226,0
1227,0
1228,2
1229,2
1230,2
1231,2
1232,0
1233,2
1234,0
1235,1
1236,2
1237,1
1238,4
1239,0
1240,0
1241,0
1242,4
1243,1
1244,1
1245,4
1246,4
1247,4
1248,2
1249,4
1250,1
1251,4
1252,4
1253,4
1254,2
1255,2
1256,2
1257,4
1258,4
1259,4
1260,4
1261,2
1262,4
1263,5
1264,0
1265,0
1266,5
1267,1
1268,1
1269,5
1270,0
1271,2
1272,5
1273,2
1274,2
1275,4
1276,4
1277,2
1278,2
1279,1
1280,4
1281,4
1282,5
1283,5
1284,5
1285,5
1286,0
1287,3
1288,0
1289,0
1290,0
1291,4
1292,5
1293,4
1294,5
1295,0
1296,0
1297,0
1298,0
1299,0
1300,2
1301,2
1302,2
1303,0
1304,2
1305,2
1306,0
1307,0
1308,0
1309,2
1310,4
1311,2
1312,0
1313,0
1314,1
1315,0
1316,2
1317,5
1318,5
1319,5
1320,2
1321,2
1322,2
1323,2
1324,4
1325,2
1326,4
1327,2
1328,2
1329,0
1330,3
1331,3
1332,4
1333,1
1334,1
1335,1
1336,1
1337,2
1338,2
1339,2
1340,2
1341,2
1342,2
1343,2
1344,2
1345,5
1346,5
1347,5
1348,2
1349,2
1350,4
1351,2
1352,1
1353,1
1354,0
1355,4
1356,4
1357,0
1358,0
1359,0
1360,0
1361,5
1362,5
1363,0
1364,1
1365,1
1366,0
1367,3
1368,0
1369,2
1370,0
1371,0
1372,0
1373,0
1374,0
1375,4
1376,0
1377,0
1378,4
1379,4
1380,4
1381,0
1382,0
1383,1
1384,0
1385,0
1386,0
1387,4
1388,4
1389,0
1390,5
1391,0
1392,0
1393,5
1394,2
1395,3
1396,0
1397,1
1398,0
1399,5
1400,3
1401,4
1402,4
1403,3
1404,3
1405,3
1406,0
1407,0
1408,0
1409,4
1410,0
1411,3
1412,0
1413,0
1414,3
1415,3
1416,0
1417,4
1418,4
1419,0
1420,4
1421,4
1422,5
1423,4
1424,0
1425,0
1426,1
1427,1
1428,1
1429,4
1430,5
1431,5
1432,5
1433,5
1434,5
1435,5
1436,4
1437,5
1438,0
1439,4
1440,5
1441,0
1442,5
1443,5
1444,5
1445,5
1446,0
1447,5
1448,5
1449,5
1450,5
1451,0
1452,0
1453,0
1454,0
1455,3
1456,0
1457,0
1458,4
1459,5
1460,1
1461,1
1462,1
1463,2
1464,3
1465,0
1466,0
1467,4
1468,1
1469,4
1470,1
1471,1
1472,3
1473,1
1474,1
1475,2
1476,0
1477,2
1478,3
1479,1
1480,1
1481,1
1482,1
1483,0
1484,1
1485,0
1486,1
1487,1
1488,0
1489,0
1490,0
1491,0
1492,0
1493,0
1494,4
1495,4
1496,0
1497,0
1498,3
1499,3
1500,1
1501,1
1502,0
1503,0
1504,1
1505,1
1506,2
1507,3
1508,0
1509,0
1510,3
1511,3
1512,1
1513,3
1514,1
1515,2
1516,2
1517,2
1518,1
1519,2
1520,5
1521,2
1522,5
1523,4
1524,0
1525,3
1526,4
1527,5
1528,2
1529,5
1530,5
1531,5
1532,5
1533,5
1534,0
1535,2
1536,1
1537,1
1538,0
1539,4
1540,2
1541,3
1542,4
1543,4
1544,1
1545,4
1546,4
1547,4
1548,4
1549,4
1550,4
1551,4
1552,4
1553,3
1554,3
1555,4
1556,4
1557,1
1558,1
1559,1
1560,3
1561,4
1562,5
1563,4
1564,3
1565,3
1566,0
1567,1
1568,3
1569,3
1570,4
1571,3
1572,1
1573,4
1574,0
1575,3
1576,3
1577,5
1578,5
1579,2
1580,3
1581,5
1582,3
1583,1
1584,1
1585,2
1586,1
1587,4
1588,2
1589,4
1590,5
1591,5
1592,1
1593,1
1594,1
1595,4
1596,4
1597,3
1598,1
1599,2
1600,5
1601,5
1602,2
1603,3
1604,3
1605,3
1606,4
1607,3
1608,3
1609,1
1610,2
1611,5
1612,2
1613,5
1614,2
1615,2
1616,2
1617,3
1618,2
1619,1
1620,3
1621,2
1622,0
1623,0
1624,3
1625,1
1626,1
1627,5
1628,5
1629,5
1630,2
1631,5
1632,2
1633,2
1634,0
1635,5
1636,0
1637,2
1638,0
1639,2
1640,2
1641,2
1642,5
1643,5
1644,5
1645,5
1646,2
1647,5
1648,5
1649,5
1650,5
1651,5
1652,5
1653,4
1654,4
1655,5
1656,5
1657,4
1658,2
1659,4
1660,2
1661,2
1662,4
1663,4
1664,5
1665,2
1666,2
1667,2
1668,2
1669,2
1670,5
1671,2
1672,2
1673,2
1674,2
1675,2
1676,3
1677,3
1678,3
1679,0
1680,4
1681,4
1682,4
1683,4
1684,0
1685,2
1686,0
1687,2
1688,2
1689,0
1690,5
1691,3
1692,4
1693,4
1694,4
1695,3
1696,3
1697,3
1698,4
1699,2
1700,3
1701,0
1702,4
1703,2
1704,3
1705,2
1706,2
1707,2
1708,3
1709,3
1710,3
1711,0
1712,0
1713,3
1714,0
1715,0
1716,3
1717,3
1718,1
1719,3
1720,3
1721,1
1722,3
1723,3
1724,1
1725,3
1726,0
1727,3
1728,2
1729,3
1730,0
1731,5
1732,0
1733,0
1734,0
1735,0
1736,3
1737,0
1738,0
1739,0
1740,0
1741,1
1742,1
1743,0
1744,3
1745,3
1746,4
1747,2
1748,2
1749,5
1750,0
1751,5
1752,2
1753,5
1754,4
1755,4
1756,4
1757,1
1758,5
1759,5
1760,4
1761,2
1762,5
1763,2
1764,1
1765,2
1766,2
1767,5
1768,3
1769,3
1770,5
1771,4
1772,5
1773,4
1774,3
1775,3
1776,4
1777,4
1778,1
1779,4
1780,4
1781,1
1782,0
1783,0
1784,1
1785,1
1786,2
1787,0
1788,5
1789,1
1790,2
1791,4
1792,4
1793,1
1794,1
1795,1
1796,3
1797,3
1798,4
1799,5
1800,5
1801,2
1802,2
1803,3
1804,3
1805,3
1806,2
1807,3
1808,5
1809,1
1810,0
1811,5
1812,5
1813,2
1814,2
1815,1
1816,1
1817,2
1818,2
1819,3
1820,2
1821,2
1822,2
1823,0
1824,3
1825,3
1826,0
1827,1
1828,5
1829,3
1830,5
1831,3
1832,0
1833,0
1834,4
1835,0
1836,2
1837,2
1838,0
1839,2
1840,0
1841,0
1842,0
1843,0
1844,5
1845,5
1846,2
1847,5
1848,5
1849,2
1850,1
1851,5
1852,1
1853,1
1854,1
1855,0
1856,0
1857,5
1858,0
1859,5
1860,2
1861,2
1862,2
1863,2
1864,0
1865,0
1866,2
1867,2
1868,3
1869,2
1870,0
1871,0
1872,2
1873,4
1874,2
1875,3
1876,5
1877,4
1878,5
1879,4
1880,5
1881,4
1882,5
1883,0
1884,2
1885,2
1886,5
1887,4
1888,4
1889,0
1890,4
1891,0
1892,2
1893,4
1894,0
1895,0
1896,4
1897,0
1898,0
1899,0
1900,4
1901,4
1902,4
1903,2
1904,4
1905,4
1906,4
1907,4
1908,5
1909,4
1910,2
1911,2
1912,2
1913,2
1914,0
1915,2
1916,4
1917,4
1918,0
1919,2
1920,4
1921,4
1922,4
1923,2
1924,2
1925,4
1926,4
1927,4
1928,4
1929,5
1930,5
1931,5
1932,3
1933,3
1934,0
1935,5
1936,0
1937,3
1938,3
1939,4
1940,4
1941,4
1942,2
1943,2
1944,4
1945,4
1946,3
1947,4
1948,5
1949,3
1950,3
1951,4
1952,4
1953,3
1954,4
1955,4
1956,4
1957,4
1958,5
1959,4
1960,1
1961,5
1962,2
1963,5
1964,2
1965,2
1966,2
1967,5
1968,4
1969,2
1970,1
1971,5
1972,5
1973,5
1974,5
1975,2
1976,4
1977,2
1978,4
1979,4
1980,1
1981,1
1982,5
1983,4
1984,4
1985,4
1986,3
1987,3
1988,4
1989,2
1990,2
1991,2
1992,5
1993,5
1994,2
1995,2
1996,4
1997,4
1998,4
1999,2
2000,4
2001,5
2002,4
2003,4
2004,0
2005,2
2006,0
2007,2
2008,1
2009,1
2010,1
2011,2
2012,4
2013,3
2014,0
2015,4
2016,1
2017,0
2018,4
2019,2
2020,4
2021,2
2022,0
2023,4
2024,4
2025,0
2026,4
2027,4
2028,4
2029,5
2030,1
2031,5
2032,5
2033,4
2034,0
2035,0
2036,0
2037,2
2038,0
2039,4
2040,5
2041,0
2042,2
2043,1
2044,1
2045,1
2046,1
2047,1
2048,1
2049,1
2050,4
2051,1
2052,0
2053,0
2054,2
2055,2
2056,2
2057,0
2058,0
2059,0
2060,0
2061,0
2062,3
2063,2
2064,4
2065,4
2066,5
2067,5
2068,4
2069,3
2070,4
2071,4
2072,4
2073,4
2074,3
2075,3
2076,2
2077,2
2078,2
2079,4
2080,3
2081,2
2082,2
2083,2
2084,5
2085,0
2086,2
2087,2
2088,5
2089,2
2090,4
2091,2
2092,4
2093,2
2094,4
2095,5
2096,5
2097,4
2098,5
2099,3
2100,1
2101,5
2102,4
2103,1
2104,1
2105,1
2106,5
2107,4
2108,5
2109,2
2110,1
2111,3
2112,2
2113,1
2114,5
2115,5
2116,4
2117,4
2118,4
2119,4
2120,2
2121,4
2122,4
2123,4
2124,4
2125,5
2126,0
2127,4
2128,4
2129,4
2130,2
2131,0
2132,2
2133,4
2134,2
2135,0
2136,0
2137,4
2138,4
2139,4
2140,4
2141,4
2142,4
2143,4
2144,4
2145,1
2146,5
2147,3
2148,3
2149,3
2150,4
2151,0
2152,0
2153,4
2154,4
2155,4
2156,0
2157,4
2158,4
2159,4
2160,4
2161,4
2162,3
2163,4
2164,0
2165,0
2166,0
2167,4
2168,1
2169,0
2170,5
2171,0
2172,4
2173,5
2174,5
2175,4
2176,4
2177,4
2178,4
2179,4
2180,4
2181,4
2182,0
2183,2
2184,4
2185,4
2186,4
2187,0
2188,0
2189,0
2190,2
2191,0
2192,2
2193,5
2194,3
2195,4
2196,4
2197,5
2198,5
2199,3
2200,5
2201,0
2202,2
2203,0
2204,5
2205,0
2206,0
2207,3
2208,3
2209,4
2210,4
2211,4
2212,0
2213,0
2214,0
2215,0
2216,3
2217,0
2218,3
2219,0
2220,0
2221,2
2222,2
2223,2
2224,3
2225,1
2226,0
2227,1
2228,3
2229,2
2230,0
2231,0
2232,0
2233,1
2234,1
2235,0
2236,0
2237,4
2238,3
2239,0
2240,0
2241,0
2242,5
2243,0
2244,1
2245,5
2246,1
2247,0
2248,5
2249,5
2250,2
2251,2
2252,1
2253,2
2254,1
2255,1
2256,5
2257,3
2258,5
2259,3
2260,1
2261,3
2262,2
2263,3
2264,3
2265,3
2266,3
2267,3
2268,3
2269,1
2270,1
2271,3
2272,5
2273,5
2274,5
2275,1
2276,0
2277,0
2278,2
2279,2
2280,0
2281,0
2282,2
2283,2
2284,4
2285,2
2286,2
2287,2
2288,1
2289,2
2290,2
2291,5
2292,5
2293,5
2294,4
2295,2
2296,2
2297,0
2298,2
2299,2
2300,4
2301,4
2302,4
2303,4
2304,5
2305,2
2306,3
2307,2
2308,2
2309,2
2310,2
2311,2
2312,2
2313,2
2314,2
2315,0
2316,0
2317,5
2318,2
2319,1
2320,1
2321,1
2322,1
2323,1
2324,2
2325,5
2326,4
2327,1
2328,0
2329,5
2330,2
2331,5
2332,1
2333,1
2334,1
2335,1
2336,1
2337,4
2338,1
2339,0
2340,0
2341,0
2342,0
2343,0
2344,0
2345,2
2346,2
2347,1
2348,5
2349,1
2350,4
2351,4
2352,1
2353,4
2354,0
2355,0
2356,1
2357,4
2358,0
2359,1
2360,4
2361,5
2362,5
2363,1
2364,1
2365,4
2366,1
2367,1
2368,4
2369,4
2370,4
2371,4
2372,4
2373,5
2374,5
2375,0
2376,1
2377,1
2378,5
2379,4
2380,0
2381,3
2382,3
2383,1
2384,3
2385,4
2386,3
2387,3
2388,0
2389,0
2390,4
2391,3
2392,3
2393,0
2394,5
2395,0
2396,0
2397,0
2398,0
2399,3
2400,2
2401,0
2402,1
2403,4
2404,1
2405,0
2406,0
2407,4
2408,1
2409,1
2410,0
2411,1
2412,0
2413,2
2414,2
2415,2
2416,1
2417,1
2418,1
2419,3
2420,3
2421,2
2422,2
2423,2
2424,1
2425,4
2426,5
2427,3
2428,4
2429,3
2430,5
2431,4
2432,5
2433,0
2434,2
2435,0
2436,3
2437,3
2438,5
2439,5
2440,5
2441,5
2442,4
2443,4
2444,3
2445,3
2446,3
2447,5
2448,4
2449,0
2450,3
2451,4
2452,3
2453,4
2454,0
2455,3
2456,3
2457,1
2458,1
2459,4
2460,4
2461,2
2462,3
2463,3
2464,3
2465,2
2466,3
2467,2
2468,2
2469,2
2470,2
2471,2
2472,1
2473,4
2474,4
2475,3
2476,5
2477,5
2478,3
2479,1
2480,3
2481,3
2482,0
2483,5
2484,2
2485,5
2486,2
2487,3
2488,5
2489,2
2490,1
2491,3
2492,1
2493,4
2494,4
2495,1
2496,1
2497,3
2498,3
2499,1
2500,0
2501,0
2502,4
2503,4
2504,3
2505,2
2506,2
2507,3
2508,3
2509,2
2510,2
2511,4
2512,0
2513,2
2514,1
2515,2
2516,2
2517,1
2518,5
2519,4
2520,2
2521,4
2522,1
2523,2
2524,5
2525,2
2526,5
2527,2
2528,2
2529,4
2530,2
2531,4
2532,1
2533,5
2534,0
2535,4
2536,0
2537,4
2538,4
2539,4
2540,0
2541,4
2542,0
2543,4
2544,1
2545,1
2546,4
2547,4
2548,5
2549,1
2550,1
2551,1
2552,1
2553,1
2554,1
2555,0
2556,0
2557,0
2558,1
2559,1
2560,1
2561,1
2562,4
2563,0
2564,1
2565,0
2566,0
2567,0
2568,0
2569,0
2570,0
2571,0
2572,3
2573,0
2574,0
2575,3
2576,0
2577,0
2578,0
2579,0
2580,0
2581,4
2582,3
2583,0
2584,3
2585,1
2586,3
2587,3
2588,5
2589,1
2590,1
2591,0
2592,3
2593,0
2594,3
2595,3
2596,0
2597,0
2598,3
2599,3
2600,3
2601,3
2602,3
2603,3
2604,3
2605,4
2606,5
2607,4
2608,0
2609,0
2610,4
2611,0
2612,0
2613,0
2614,0
2615,0
2616,4
2617,0
2618,3
2619,3
2620,0
2621,3
2622,0
2623,3
2624,0
2625,0
2626,3
2627,4
2628,4
2629,0
2630,4
2631,4
2632,4
2633,4
2634,4
2635,5
2636,5
2637,0
2638,0
2639,4
2640,4
2641,2
2642,0
2643,0
2644,4
2645,3
2646,4
2647,4
2648,0
2649,4
2650,0
2651,3
2652,0
2653,4
2654,1
2655,1
2656,0
2657,5
2658,2
2659,5
2660,3
2661,3
2662,3
2663,4
2664,5
2665,0
2666,4
2667,0
2668,0
2669,4
2670,4
2671,4
2672,3
2673,3
2674,3
2675,5
2676,5
2677,5
2678,3
2679,4
2680,5
2681,0
2682,5
2683,0
2684,0
2685,0
2686,0
2687,3
2688,2
2689,0
2690,3
2691,3
2692,0
2693,0
2694,0
2695,1
2696,0
2697,0
2698,4
2699,0
2700,0
2701,4
2702,3
2703,2
2704,5
2705,2
2706,1
2707,5
2708,5
2709,1
2710,0
2711,5
2712,0
2713,3
2714,0
2715,5
2716,5
2717,1
2718,4
2719,1
2720,1
2721,1
2722,4
2723,4
2724,0
2725,0
2726,1
2727,0
2728,0
2729,5
2730,5
2731,3
2732,4
2733,5
2734,3
2735,0
2736,5
2737,0
2738,0
2739,4
2740,0
2741,0
2742,0
2743,0
2744,0
2745,0
2746,0
2747,3
2748,3
2749,3
2750,3
2751,3
2752,3
2753,3
2754,0
2755,3
2756,3
2757,0
2758,4
2759,0
2760,0
2761,0
2762,0
2763,0
2764,5
2765,3
2766,4
2767,3
2768,1
2769,3
2770,4
2771,5
2772,0
2773,4
2774,3
2775,3
2776,4
2777,4
2778,0
2779,3
2780,3
2781,0
2782,3
2783,5
2784,5
2785,4
2786,4
2787,3
2788,3
2789,4
2790,3
2791,3
2792,3
2793,3
2794,0
2795,3
2796,3
2797,3
2798,3
2799,5
2800,5
2801,2
2802,2
2803,5
2804,4
2805,3
2806,4
2807,4
2808,0
2809,3
2810,3
2811,4
2812,5
2813,4
2814,4
2815,3
2816,3
2817,3
2818,3
2819,3
2820,3
2821,3
2822,4
2823,4
2824,3
2825,3
2826,3
2827,3
2828,1
2829,1
2830,5
2831,1
2832,1
2833,5
2834,5
2835,1
2836,5
2837,5
2838,5
2839,4
2840,1
2841,3
2842,1
2843,1
2844,2
2845,2
2846,2
2847,3
2848,4
2849,4
2850,4
2851,5
2852,5
2853,3
2854,4
2855,3
2856,4
2857,4
2858,4
2859,4
2860,4
2861,4
2862,4
2863,4
2864,3
2865,3
2866,3
2867,4
2868,3
2869,2
2870,3
2871,4
2872,3
2873,4
2874,4
2875,4
2876,1
2877,4
2878,0
2879,0
2880,4
2881,4
2882,4
2883,4
2884,4
2885,4
2886,3
2887,5
2888,4
2889,4
2890,5
2891,4
2892,5
2893,5
2894,5
2895,5
2896,4
2897,3
2898,3
2899,4
2900,5
2901,3
2902,3
2903,4
2904,3
2905,5
2906,0
2907,2
2908,4
2909,4
2910,4
2911,3
2912,4
2913,1
2914,4
2915,5
2916,5
2917,3
2918,3
2919,3
2920,4
2921,4
2922,2
2923,3
2924,4
2925,3
2926,3
2927,3
2928,3
2929,3
2930,4
2931,1
2932,2
2933,0
2934,3
2935,3
2936,0
2937,0
2938,3
2939,3
2940,0
2941,5
2942,5
2943,3
2944,3
2945,3
2946,3
2947,3
2948,4
2949,3
2950,1
2951,0
2952,1
2953,1
2954,1
2955,3
2956,1
2957,0
2958,3
2959,3
2960,3
2961,5
2962,0
2963,4
2964,3
2965,0
2966,4
2967,0
2968,3
2969,4
2970,0
2971,3
2972,5
2973,5
2974,3
2975,4
2976,1
2977,1
2978,3
2979,3
2980,3
2981,2
2982,0
2983,0
2984,3
2985,1
2986,0
2987,2
2988,3
2989,5
2990,1
2991,3
2992,4
2993,5
2994,4
2995,1
2996,1
2997,4
2998,3
2999,3
3000,2
3001,3
3002,3
3003,3
3004,3
3005,3
3006,2
3007,3
3008,3
3009,5
3010,1
3011,3
3012,3
3013,0
3014,2
3015,5
3016,2
3017,3
3018,2
3019,0
3020,0
3021,0
3022,3
3023,3
3024,0
3025,3
3026,3
3027,1
3028,1
3029,3
3030,3
3031,3
3032,5
3033,5
3034,0
3035,5
3036,5
3037,0
3038,0
3039,5
3040,0
3041,1
3042,0
3043,0
3044,1
3045,0
3046,0
3047,0
3048,0
3049,0
3050,0
3051,0
3052,0
3053,0
3054,0
3055,3
3056,1
3057,1
3058,2
3059,0
3060,0
3061,0
3062,2
3063,5
3064,0
3065,0
3066,1
3067,1
3068,0
3069,0
3070,0
3071,5
3072,1
3073,5
3074,1
3075,1
3076,1
3077,2
3078,5
3079,2
3080,0
3081,0
3082,0
3083,0
3084,0
3085,0
3086,0
3087,3
3088,5
3089,3
3090,1
3091,1
3092,2
3093,5
3094,5
3095,2
3096,1
3097,0
3098,0
3099,1
3100,0
3101,1
3102,0
3103,0
3104,0
3105,0
3106,5
3107,1
3108,0
3109,1
3110,1
3111,0
3112,0
3113,0
3114,0
3115,0
3116,5
3117,2
3118,0
3119,0
3120,5
3121,0
3122,0
3123,0
3124,0
3125,0
3126,0
3127,2
3128,0
3129,0
3130,0
3131,0
3132,0
3133,0
3134,2
3135,5
3136,0
3137,0
3138,0
3139,0
3140,0
3141,3
3142,1
3143,0
3144,0
3145,1
3146,3
3147,1
3148,1
3149,5
3150,5
3151,5
3152,5
3153,2
3154,0
3155,2
3156,2
3157,3
3158,1
3159,2
3160,1
3161,0
3162,5
3163,0
3164,3
3165,5
3166,0
3167,0
3168,5
3169,0
3170,0
3171,5
3172,2
3173,2
3174,5
3175,5
3176,0
3177,0
3178,2
3179,2
3180,5
3181,5
3182,0
3183,0
3184,2
3185,2
3186,1
3187,2
3188,2
3189,0
3190,0
3191,2
3192,4
3193,0
3194,4
3195,4
3196,1
3197,0
3198,2
3199,2
3200,0
3201,0
3202,0
3203,2
3204,2
3205,2
3206,2
3207,0
3208,2
3209,2
3210,0
3211,0
3212,0
3213,1
3214,2
3215,0
3216,0
3217,0
3218,0
3219,0
3220,1
3221,2
3222,4
3223,2
3224,3
3225,3
3226,3
3227,0
3228,5
3229,0
3230,0
3231,0
3232,0
3233,0
3234,0
3235,0
3236,0
3237,0
3238,0
3239,5
3240,0
3241,0
3242,2
3243,0
3244,0
3245,0
3246,3
3247,1
3248,0
3249,0
3250,2
3251,0
3252,2
3253,1
3254,1
3255,0
3256,0
3257,0
3258,1
3259,2
3260,5
3261,0
3262,0
3263,5
3264,0
3265,1
3266,2
3267,1
3268,0
3269,0
3270,0
3271,0
3272,1
3273,2
3274,0
3275,2
3276,0
3277,2
3278,1
3279,1
3280,0
3281,2
3282,1
3283,1
3284,1
3285,1
3286,0
3287,5
3288,1
3289,2
3290,0
3291,0
3292,1
3293,0
3294,0
3295,0
3296,0
3297,1
3298,2
3299,1
3300,1
3301,2
3302,0
3303,2
3304,0
3305,2
3306,5
3307,2
3308,1
3309,1
3310,4
3311,1
3312,1
3313,4
3314,0
3315,4
3316,1
3317,1
3318,5
3319,5
3320,2
3321,2
3322,2
3323,3
3324,1
3325,4
3326,5
3327,1
3328,4
3329,2
3330,1
3331,1
3332,0
3333,1
3334,1
3335,1
3336,1
3337,1
3338,4
3339,0
3340,4
3341,2
3342,1
3343,5
3344,0
3345,0
3346,5
3347,5
3348,1
3349,0
3350,0
3351,0
3352,1
3353,1
3354,2
3355,1
3356,1
3357,4
3358,0
3359,4
3360,4
3361,0
3362,5
3363,1
3364,1
3365,0
3366,2
3367,1
3368,3
3369,1
3370,0
3371,1
3372,0
3373,2
3374,1
3375,1
3376,2
3377,2
3378,2
3379,2
3380,2
3381,2
3382,1
3383,1
3384,0
3385,0
3386,1
3387,0
3388,1
3389,0
3390,1
3391,1
3392,1
3393,1
3394,1
3395,1
3396,1
3397,1
3398,1
3399,1
3400,1
3401,1
3402,1
3403,1
3404,0
3405,4
3406,0
3407,0
3408,0
3409,0
3410,2
3411,1
3412,1
3413,1
3414,1
3415,1
3416,0
3417,1
3418,1
3419,1
3420,1
3421,1
3422,2
3423,1
3424,1
3425,2
3426,1
3427,1
3428,1
3429,1
3430,1
3431,1
3432,1
3433,1
3434,1
3435,1
3436,0
3437,0
3438,0
3439,0
3440,1
3441,3
3442,0
3443,4
3444,4
3445,1
3446,1
3447,1
3448,3
3449,1
3450,1
3451,1
3452,1
3453,1
3454,1
3455,1
3456,1
3457,1
3458,3
3459,0
3460,3
3461,4
3462,4
3463,4
3464,3
3465,2
3466,3
3467,3
3468,2
3469,2
3470,3
3471,1
3472,1
3473,1
3474,1
3475,1
3476,1
3477,1
3478,1
3479,1
3480,0
3481,0
3482,1
3483,1
3484,3
3485,2
3486,2
3487,2
3488,2
3489,0
3490,0
3491,0
3492,1
3493,1
3494,1
3495,1
3496,1
3497,1
3498,0
3499,1
3500,0
3501,3
3502,1
3503,1
3504,1
3505,1
3506,1
3507,1
3508,1
3509,0
3510,5
3511,1
3512,1
3513,1
3514,1
3515,1
3516,1
3517,0
3518,1
3519,1
3520,4
3521,0
3522,5
3523,5
3524,4
3525,5
3526,0
3527,1
3528,4
3529,2
3530,2
3531,0
3532,1
3533,2
3534,2
3535,2
3536,5
3537,2
3538,5
3539,0
3540,0
3541,3
3542,1
3543,1
3544,1
3545,1
3546,1
3547,2
3548,2
3549,2
3550,5
3551,5
3552,2
3553,3
3554,5
3555,2
3556,5
3557,1
3558,1
3559,1
3560,1
3561,5
3562,2
3563,4
3564,2
3565,2
3566,5
3567,3
3568,2
3569,2
3570,2
3571,2
3572,2
3573,2
3574,1
3575,1
3576,1
3577,5
3578,5
3579,1
3580,1
3581,5
3582,4
3583,4
3584,5
3585,5
3586,4
3587,4
3588,2
3589,0
3590,0
3591,4
3592,0
3593,2
3594,4
3595,1
3596,1
3597,4
3598,5
3599,5
3600,0
3601,2
3602,2
3603,4
3604,0
3605,1
3606,1
3607,0
3608,1
3609,2
3610,1
3611,1
3612,2
3613,3
3614,4
3615,3
3616,2
3617,0
3618,5
3619,1
3620,0
3621,5
3622,2
3623,2
3624,4
3625,4
3626,4
3627,1
3628,2
3629,2
3630,2
3631,4
3632,4
3633,4
3634,3
3635,4
3636,5
3637,5
3638,1
3639,3
3640,1
3641,1
3642,1
3643,1
3644,5
3645,3
3646,3
3647,4
3648,4
3649,1
3650,5
3651,4
3652,5
3653,5
3654,1
3655,1
3656,0
3657,5
3658,1
3659,1
3660,4
3661,1
3662,0
3663,1
3664,1
3665,2
3666,2
3667,4
3668,4
3669,0
3670,4
3671,0
3672,0
3673,0
3674,1
3675,0
3676,3
3677,4
3678,1
3679,4
3680,3
3681,4
3682,5
3683,3
3684,1
3685,0
3686,4
3687,5
3688,5
3689,1
3690,1
3691,5
3692,1
3693,1
3694,1
3695,1
3696,3
3697,0
3698,1
3699,1
3700,0
3701,2
3702,0
3703,3
3704,5
3705,2
3706,4
3707,1
3708,2
3709,5
3710,5
3711,2
3712,2
3713,0
3714,2
3715,2
3716,3
3717,2
3718,2
3719,3
3720,2
3721,2
3722,3
3723,2
3724,5
3725,5
3726,5
3727,5
3728,5
3729,5
3730,5
3731,5
3732,3
3733,0
3734,3
3735,3
3736,3
3737,2
3738,1
3739,0
3740,0
3741,2
3742,2
3743,2
3744,5
3745,1
3746,1
3747,1
3748,1
3749,1
3750,1
3751,1
3752,2
3753,2
3754,1
3755,2
3756,2
3757,2
3758,0
3759,0
3760,1
3761,0
3762,4
3763,5
3764,5
3765,2
3766,0
3767,2
3768,0
3769,3
3770,3
3771,2
3772,3
3773,2
3774,2
3775,0
3776,2
3777,2
3778,2
3779,2
3780,2
3781,0
3782,0
3783,2
3784,0
3785,0
3786,0
3787,0
3788,1
3789,1
3790,1
3791,2
3792,1
3793,1
3794,2
3795,0
3796,0
3797,0
3798,2
3799,4
3800,0
3801,4
3802,4
3803,0
3804,0
3805,0
3806,0
3807,1
3808,2
3809,2
3810,2
3811,2
3812,2
3813,2
3814,4
3815,4
3816,2
3817,2
3818,4
3819,0
3820,4
3821,2
3822,2
3823,0
3824,4
3825,1
3826,1
3827,1
3828,4
3829,1
3830,4
3831,4
3832,2
3833,2
3834,2
3835,1
3836,4
3837,1
3838,0
3839,0
3840,1
3841,0
3842,0
3843,0
3844,3
3845,2
3846,2
3847,1
3848,1
3849,3
3850,3
3851,1
3852,0
3853,0
3854,2
3855,1
3856,1
3857,2
3858,3
3859,3
3860,3
3861,4
3862,3
3863,4
3864,4
3865,4
3866,2
3867,4
3868,3
3869,3
3870,4
3871,3
3872,4
3873,2
3874,3
3875,2
3876,3
3877,3
3878,3
3879,3
3880,3
3881,4
3882,2
3883,2
3884,2
3885,2
3886,4
3887,4
3888,3
3889,4
3890,4
3891,4
3892,3
3893,4
3894,2
3895,2
3896,0
3897,1
3898,0
3899,0
3900,1
3901,4
3902,4
3903,4
3904,2
3905,2
3906,0
3907,0
3908,2
3909,0
3910,0
3911,3
3912,1
3913,0
3914,0
3915,2
3916,2
3917,2
3918,2
3919,3
3920,3
3921,0
3922,0
3923,0
3924,4
3925,0
3926,3
3927,3
3928,4
3929,2
3930,3
3931,0
3932,0
3933,4
3934,4
3935,4
3936,0
3937,4
3938,4
3939,0
3940,5
3941,4
3942,1
3943,0
3944,2
3945,2
3946,0
3947,0
3948,4
3949,4
3950,0
3951,0
3952,0
3953,0
3954,0
3955,0
3956,0
3957,0
3958,5
3959,0
3960,1
3961,2
3962,0
3963,0
3964,0
3965,2
3966,0
3967,0
3968,0
3969,3
3970,4
3971,3
3972,3
3973,3
3974,1
3975,1
3976,2
3977,3
3978,1
3979,1
3980,1
3981,2
3982,2
3983,5
3984,0
3985,5
3986,0
3987,2
3988,2
3989,3
3990,2
3991,2
3992,0
3993,3
3994,0
3995,2
3996,2
3997,0
3998,0
3999,0
4000,1
4001,1
4002,2
4003,0
4004,1
4005,1
4006,1
4007,1
4008,0
4009,0
4010,1
4011,0
4012,0
4013,0
4014,0
4015,0
4016,0
4017,0
4018,0
4019,1
4020,1
4021,1
4022,2
4023,1
4024,0
4025,3
4026,0
4027,0
4028,0
4029,0
4030,0
4031,4
4032,0
4033,2
4034,2
4035,2
4036,0
4037,1
4038,1
4039,1
4040,1
4041,5
4042,5
4043,0
4044,0
4045,2
4046,0
4047,1
4048,0
4049,1
4050,2
4051,0
4052,2
4053,1
4054,1
4055,1
4056,1
4057,0
4058,1
4059,0
4060,2
4061,0
4062,5
4063,5
4064,5
4065,0
4066,1
4067,2
4068,1
4069,2
4070,0
4071,1
4072,2
4073,0
4074,2
4075,0
4076,1
4077,0
4078,1
4079,1
4080,1
4081,1
4082,0
4083,2
4084,2
4085,2
4086,2
4087,1
4088,1
4089,1
4090,5
4091,5
4092,0
4093,1
4094,1
4095,2
4096,2
4097,2
4098,2
4099,1
4100,2
4101,0
4102,2
4103,3
4104,0
4105,3
4106,3
4107,3
4108,3
4109,0
4110,5
4111,4
4112,4
4113,0
4114,0
4115,5
4116,4
4117,4
4118,2
4119,0
4120,1
4121,2
4122,0
4123,0
4124,4
4125,4
4126,0
4127,1
4128,1
4129,1
4130,3
4131,0
4132,4
4133,4
4134,4
4135,4
4136,4
4137,4
4138,2
4139,1
4140,4
4141,3
4142,3
4143,3
4144,0
4145,0
4146,4
4147,0
4148,4
4149,2
4150,2
4151,1
4152,1
4153,2
4154,2
4155,2
4156,1
4157,5
4158,5
4159,2
4160,5
4161,2
4162,2
4163,2
4164,3
4165,2
4166,3
4167,2
4168,0
4169,2
4170,3
4171,5
4172,5
4173,5
4174,1
4175,3
4176,1
4177,4
4178,5
4179,1
4180,2
4181,2
4182,1
4183,2
4184,1
4185,2
4186,2
4187,2
4188,3
4189,3
4190,3
4191,0
4192,2
4193,3
4194,0
4195,2
4196,2
4197,4
4198,0
4199,1
4200,3
4201,2
4202,3
4203,0
4204,0
4205,2
4206,0
4207,3
4208,2
4209,2
4210,0
4211,2
4212,4
4213,2
4214,4
4215,1
4216,0
4217,4
4218,3
4219,0
4220,2
4221,0
4222,4
4223,1
4224,4
4225,4
4226,4
4227,0
4228,3
4229,3
4230,2
4231,5
4232,5
4233,2
4234,2
4235,2
4236,0
4237,0
4238,0
4239,0
4240,4
4241,4
4242,4
4243,2
4244,0
4245,0
4246,0
4247,0
4248,0
4249,0
4250,0
4251,0
4252,4
4253,4
4254,4
4255,3
4256,0
4257,3
4258,0
4259,0
4260,0
4261,1
4262,0
4263,3
4264,4
4265,0
4266,0
4267,3
4268,3
4269,4
4270,4
4271,4
4272,4
4273,3
4274,3
4275,0
4276,2
4277,0
4278,0
4279,1
4280,4
4281,3
4282,3
4283,3
4284,4
4285,4
4286,3
4287,3
4288,4
4289,3
4290,3
4291,3
4292,3
4293,0
4294,0
4295,0
4296,3
4297,4
4298,4
4299,0
4300,0
4301,3
4302,1
4303,1
4304,3
4305,1
4306,3
4307,1
4308,3
4309,3
4310,4
4311,1
4312,1
4313,1
4314,0
4315,1
4316,3
4317,0
4318,3
4319,0
4320,0
4321,2
4322,1
4323,3
4324,1
4325,3
4326,1
4327,0
4328,3
4329,3
4330,3
4331,1
4332,3
4333,3
4334,3
4335,3
4336,3
4337,3
4338,3
4339,1
4340,1
4341,3
4342,3
4343,3
4344,4
4345,3
4346,3
4347,1
4348,1
4349,4
4350,4
4351,1
4352,4
4353,0
4354,4
4355,0
4356,0
4357,3
4358,2
4359,2
4360,3
4361,3
4362,3
4363,1
4364,3
4365,3
4366,1
4367,1
4368,1
4369,3
4370,3
4371,1
4372,1
4373,1
4374,2
4375,3
4376,3
4377,3
4378,0
4379,3
4380,0
4381,0
4382,0
4383,3
4384,3
4385,3
4386,3
4387,1
4388,1
4389,3
4390,1
4391,2
4392,1
4393,1
4394,0
4395,1
4396,3
4397,1
4398,0
4399,0
4400,0
4401,0
4402,0
4403,2
4404,3
4405,1
4406,3
4407,0
4408,3
4409,3
4410,3
4411,2
4412,3
4413,2
4414,1
4415,3
4416,2
4417,3
4418,0
4419,0
4420,2
4421,2
4422,3
4423,0
4424,2
4425,0
4426,3
4427,0
4428,0
4429,0
4430,3
4431,2
4432,3
4433,2
4434,2
4435,1
4436,3
4437,3
4438,2
4439,2
4440,3
4441,4
4442,2
4443,1
4444,2
4445,1
4446,1
4447,3
4448,3
4449,3
4450,3
4451,2
4452,2
4453,0
4454,2
4455,3
4456,5
4457,2
4458,3
4459,2
4460,0
4461,2
4462,5
4463,5
4464,5
4465,5
4466,0
4467,1
4468,0
4469,1
4470,3
4471,0
4472,1
4473,5
4474,0
4475,3
4476,1
4477,1
4478,5
4479,2
4480,1
4481,1
4482,1
4483,3
4484,1
4485,3
4486,1
4487,1
4488,1
4489,1
4490,3
4491,3
4492,1
4493,1
4494,1
4495,4
4496,2
4497,2
4498,2
4499,1
4500,3
4501,4
4502,3
4503,4
4504,4
4505,2
4506,3
4507,3
4508,3
4509,2
4510,2
4511,3
4512,3
4513,4
4514,3
4515,2
4516,3
4517,2
4518,1
4519,2
4520,2
4521,2
4522,1
4523,1
4524,2
4525,2
4526,0
4527,1
4528,4
4529,2
4530,2
4531,2
4532,1
4533,1
4534,1
4535,1
4536,2
4537,0
4538,1
4539,2
4540,2
4541,2
4542,3
4543,1
4544,5
4545,5
4546,5
4547,0
4548,2
4549,3
4550,3
4551,3
4552,2
4553,2
4554,2
4555,2
4556,2
4557,3
4558,3
4559,4
4560,1
4561,5
4562,3
4563,4
4564,5
4565,2
4566,1
4567,3
4568,4
4569,5
4570,1
4571,4
4572,3
4573,2
4574,2
4575,2
4576,2
4577,2
4578,2
4579,3
4580,2
4581,5
4582,5
4583,2
4584,5
4585,2
4586,2
4587,5
4588,2
4589,5
4590,3
4591,2
4592,2
4593,5
4594,5
4595,5
4596,5
4597,3
4598,5
4599,5
4600,1
4601,3
4602,0
4603,2
4604,2
4605,5
4606,4
4607,3
4608,2
4609,3
4610,3
4611,1
4612,1
4613,1
4614,1
4615,5
4616,2
4617,5
4618,1
4619,1
4620,1
4621,1
4622,1
4623,0
4624,1
4625,1
4626,5
4627,5
4628,5
4629,1
4630,1
4631,1
4632,1
4633,1
4634,2
4635,2
4636,5
4637,5
4638,2
4639,1
4640,1
4641,2
4642,2
4643,1
4644,5
4645,2
4646,5
4647,1
4648,1
4649,3
4650,1
4651,1
4652,1
4653,1
4654,1
4655,5
4656,1
4657,1
4658,1
4659,5
4660,1
4661,3
4662,3
4663,2
4664,1
4665,0
4666,0
4667,5
4668,5
4669,1
4670,0
4671,1
4672,0
4673,0
4674,1
4675,2
4676,2
4677,2
4678,5
4679,2
4680,2
4681,1
4682,5
4683,1
4684,2
4685,5
4686,2
4687,2
4688,2
4689,1
4690,2
4691,2
4692,2
4693,1
4694,1
4695,0
4696,5
4697,2
4698,1
4699,2
4700,2
4701,2
4702,5
4703,5
4704,5
4705,2
4706,0
4707,0
4708,0
4709,4
4710,4
4711,4
4712,4
4713,2
4714,2
4715,0
4716,0
4717,2
4718,2
4719,4
4720,2
4721,0
4722,2
4723,2
4724,2
4725,2
4726,1
4727,1
4728,1
4729,2
4730,1
4731,1
4732,2
4733,1
4734,1
4735,3
4736,3
4737,3
4738,3
4739,3
4740,1
4741,0
4742,1
4743,1
4744,2
4745,5
4746,2
4747,2
4748,2
4749,2
4750,2
4751,2
4752,2
4753,0
4754,2
4755,2
4756,1
4757,2
4758,3
4759,3
4760,1
4761,1
4762,0
4763,2
4764,1
4765,0
4766,0
4767,3
4768,2
4769,3
4770,3
4771,0
4772,2
4773,3
4774,2
4775,2
4776,2
4777,0
4778,4
4779,4
4780,0
4781,0
4782,0
4783,3
4784,0
4785,0
4786,2
4787,0
4788,4
4789,4
4790,3
4791,3
4792,3
4793,0
4794,0
4795,3
4796,2
4797,3
4798,2
4799,2
4800,0
4801,2
4802,0
4803,5
4804,2
4805,3
4806,3
4807,0
4808,0
4809,3
4810,3
4811,3
4812,0
4813,0
4814,2
4815,2
4816,0
4817,2
4818,1
4819,2
4820,1
4821,3
4822,1
4823,4
4824,2
4825,1
4826,2
4827,2
4828,4
4829,2
4830,2
4831,1
4832,1
4833,1
4834,1
4835,1
4836,1
4837,2
4838,0
4839,2
4840,2
4841,3
4842,2
4843,2
4844,2
4845,2
4846,3
4847,3
4848,4
4849,3
4850,3
4851,3
4852,3
4853,0
4854,0
4855,4
4856,3
4857,2
4858,1
4859,1
4860,2
4861,1
4862,0
4863,2
4864,4
4865,4
4866,2
4867,2
4868,3
4869,2
4870,2
4871,3
4872,0
4873,0
4874,3
4875,2
4876,3
4877,0
4878,0
4879,1
4880,0
4881,0
4882,0
4883,0
4884,1
4885,1
4886,2
4887,1
4888,0
4889,1
4890,1
4891,2
4892,3
4893,3
4894,0
4895,2
4896,3
4897,0
4898,0
4899,3
4900,3
4901,0
4902,2
4903,2
4904,0
4905,3
4906,0
4907,1
4908,0
4909,1
4910,1
4911,1
4912,1
4913,0
4914,1
4915,2
4916,1
4917,2
4918,1
4919,0
4920,2
4921,2
4922,1
4923,1
4924,2
4925,3
4926,1
4927,3
4928,3
4929,3
4930,3
4931,0
4932,0
4933,0
4934,3
4935,0
4936,3
4937,1
4938,1
4939,1
4940,3
4941,1
4942,3
4943,1
4944,1
4945,1
4946,2
4947,2
4948,1
4949,2
4950,2
4951,2
4952,2
4953,0
4954,3
4955,1
4956,1
4957,1
4958,2
4959,3
4960,2
4961,3
4962,3
4963,3
4964,0
4965,1
4966,3
4967,3
4968,3
4969,2
4970,2
4971,0
4972,1
4973,1
4974,1
4975,2
4976,2
4977,1
4978,2
4979,0
4980,0
4981,0
4982,2
4983,0
4984,5
4985,2
4986,1
4987,1
4988,4
4989,3
4990,3
4991,1
4992,1
4993,1
4994,0
4995,3
4996,2
4997,2
4998,2
4999,2
5000,5
5001,2
5002,4
5003,2
5004,5
5005,5
5006,4
5007,1
5008,2
5009,5
5010,0
5011,1
5012,0
5013,0
5014,0
5015,2
5016,5
5017,3
5018,5
5019,2
5020,1
5021,5
5022,5
5023,2
5024,4
5025,1
5026,0
5027,1
5028,1
5029,1
5030,1
5031,1
5032,1
5033,1
5034,1
5035,3
5036,0
5037,5
5038,3
5039,2
5040,0
5041,2
5042,4
5043,3
5044,3
5045,3
5046,3
5047,3
5048,0
5049,3
5050,0
5051,0
5052,3
5053,3
5054,2
5055,1
5056,1
5057,3
5058,1
5059,1
5060,3
5061,3
5062,1
5063,1
5064,1
5065,1
5066,1
5067,3
5068,1
5069,1
5070,1
5071,1
5072,3
5073,0
5074,0
5075,1
5076,1
5077,1
5078,4
5079,4
5080,5
5081,4
5082,5
5083,1
5084,1
5085,2
5086,0
5087,0
5088,1
5089,3
5090,2
5091,3
5092,1
5093,2
5094,2
5095,0
5096,1
5097,1
5098,4
5099,0
5100,3
5101,3
5102,1
5103,0
5104,5
5105,0
5106,3
5107,2
5108,4
5109,5
5110,5
5111,4
5112,4
5113,0
5114,0
5115,5
5116,0
5117,5
5118,0
5119,0
5120,0
5121,3
5122,0
5123,2
5124,5
5125,1
5126,5
5127,5
5128,5
5129,5
5130,5
5131,5
5132,0
5133,2
5134,0
5135,0
5136,0
5137,0
5138,2
5139,0
5140,3
5141,3
5142,0
5143,3
5144,3
5145,3
5146,3
5147,3
5148,3
5149,3
5150,1
5151,3
5152,3
5153,3
5154,0
5155,5
5156,0
5157,0
5158,0
5159,0
5160,0
5161,0
5162,0
5163,3
5164,0
5165,0
5166,5
5167,1
5168,0
5169,2
5170,5
5171,4
5172,0
5173,5
5174,5
5175,4
5176,4
5177,2
5178,4
5179,2
5180,2
5181,2
5182,3
5183,3
5184,3
5185,3
5186,5
5187,0
5188,3
5189,3
5190,5
5191,1
5192,1
5193,0
5194,2
5195,3
5196,1
5197,2
5198,1
5199,3
5200,3
5201,0
5202,3
5203,1
5204,1
5205,1
5206,1
5207,3
5208,1
5209,0
5210,3
5211,0
5212,0
5213,3
5214,0
5215,3
5216,3
5217,3
5218,0
5219,0
5220,1
5221,0
5222,1
5223,3
5224,0
5225,0
5226,3
5227,0
5228,0
5229,1
5230,0
5231,3
5232,3
5233,0
5234,0
5235,1
5236,0
5237,1
5238,1
5239,0
5240,5
5241,1
5242,4
5243,1
5244,1
5245,0
5246,1
5247,1
5248,1
5249,0
5250,0
5251,0
5252,0
5253,0
5254,0
5255,1
5256,1
5257,4
5258,4
5259,1
5260,0
5261,1
5262,1
5263,2
5264,4
5265,1
5266,0
5267,2
5268,1
5269,0
5270,3
5271,4
5272,0
5273,2
5274,0
5275,0
5276,0
5277,0
5278,0
5279,3
5280,0
5281,4
5282,4
5283,3
5284,4
5285,5
5286,2
5287,5
5288,4
5289,4
5290,2
5291,5
5292,3
5293,4
5294,1
5295,5
5296,1
5297,5
5298,1
5299,3
5300,2
5301,1
5302,1
5303,1
5304,1
5305,1
5306,1
5307,1
5308,1
5309,1
5310,2
5311,1
5312,2
5313,2
5314,1
5315,3
5316,3
5317,3
5318,3
5319,3
5320,3
5321,3
5322,3
5323,1
5324,2
5325,1
5326,1
5327,1
5328,3
5329,3
5330,0
5331,1
5332,1
5333,1
5334,1
5335,0
5336,3
5337,3
5338,1
5339,1
5340,1
5341,3
5342,3
5343,4
5344,4
5345,4
5346,3
5347,1
5348,2
5349,4
5350,3
5351,1
5352,1
5353,3
5354,3
5355,4
5356,3
5357,3
5358,3
5359,1
5360,1
5361,1
5362,1
5363,1
5364,1
5365,1
5366,2
5367,2
5368,2
5369,4
5370,4
5371,1
5372,4
5373,1
5374,4
5375,3
5376,1
5377,1
5378,1
5379,3
5380,2
5381,2
5382,3
5383,3
5384,1
5385,1
5386,1
5387,2
5388,4
5389,4
5390,4
5391,5
5392,3
5393,3
5394,1
5395,1
5396,2
5397,4
5398,5
5399,2
5400,4
5401,2
5402,1
5403,2
5404,3
5405,3
5406,0
5407,4
5408,4
5409,4
5410,1
5411,1
5412,1
5413,1
5414,1
5415,0
5416,4
5417,1
5418,4
5419,0
5420,2
5421,3
5422,3
5423,0
5424,4
5425,3
5426,3
5427,0
5428,3
5429,4
5430,1
5431,2
5432,2
5433,1
5434,4
5435,4
5436,1
5437,4
5438,4
5439,4
5440,1
5441,2
5442,1
5443,1
5444,4
5445,4
5446,4
5447,4
5448,4
5449,4
5450,4
5451,4
5452,0
5453,0
5454,3
5455,2
5456,2
5457,2
5458,2
5459,0
5460,0
5461,3
5462,3
5463,0
5464,0
5465,0
5466,2
5467,2
5468,3
5469,3
5470,3
5471,3
5472,4
5473,4
5474,1
5475,1
5476,1
5477,5
5478,1
5479,1
5480,5
5481,1
5482,3
5483,3
5484,3
5485,1
5486,1
5487,3
5488,5
5489,3
5490,3
5491,0
5492,1
5493,1
5494,0
5495,1
5496,3
5497,3
5498,0
5499,0
5500,1
5501,0
5502,0
5503,3
5504,2
5505,3
5506,2
5507,3
5508,1
5509,1
5510,3
5511,1
5512,1
5513,1
5514,1
5515,0
5516,3
5517,5
5518,0
5519,3
5520,3
5521,4
5522,3
5523,4
5524,4
5525,3
5526,3
5527,3
5528,3
5529,3
5530,3
5531,3
5532,1
5533,3
5534,3
5535,0
5536,5
5537,0
5538,5
5539,0
5540,3
5541,0
5542,0
5543,3
5544,0
5545,3
5546,2
5547,3
5548,1
5549,1
5550,1
5551,0
5552,3
5553,0
5554,0
5555,3
5556,3
5557,1
5558,0
5559,0
5560,3
5561,4
5562,3
5563,3
5564,3
5565,1
5566,1
5567,1
5568,0
5569,5
5570,5
5571,0
5572,0
5573,2
5574,3
5575,0
5576,0
5577,1
5578,3
5579,1
5580,3
5581,3
5582,3
5583,3
5584,3
5585,3
5586,3
5587,4
5588,4
5589,0
5590,2
5591,2
5592,4
5593,2
5594,4
5595,3
5596,2
5597,2
5598,1
5599,5
5600,3
5601,1
5602,0
5603,0
5604,0
5605,0
5606,0
5607,0
5608,4
5609,0
5610,0
5611,0
5612,3
5613,4
5614,4
5615,0
5616,4
5617,3
5618,0
5619,4
5620,0
5621,3
5622,3
5623,3
5624,0
5625,3
5626,0
5627,0
5628,0
5629,3
5630,4
5631,0
5632,3
5633,3
5634,3
5635,0
5636,3
5637,3
5638,3
5639,0
5640,0
5641,0
5642,3
5643,3
5644,4
5645,4
5646,5
5647,5
5648,0
5649,3
5650,3
5651,2
5652,2
5653,2
5654,0
5655,0
5656,2
5657,3
5658,3
5659,0
5660,0
5661,3
5662,0
5663,0
5664,3
5665,0
5666,3
5667,0
5668,0
5669,0
5670,0
5671,0
5672,2
5673,3
5674,2
5675,3
5676,3
5677,0
5678,1
5679,4
5680,0
5681,4
5682,4
5683,0
5684,0
5685,3
5686,3
5687,3
5688,3
5689,3
5690,0
5691,0
5692,3
5693,0
5694,0
5695,0
5696,0
5697,0
5698,0
5699,0
5700,2
5701,0
5702,2
5703,3
5704,2
5705,0
5706,2
5707,1
5708,2
5709,2
5710,1
5711,5
5712,2
5713,4
5714,3
5715,4
5716,3
5717,3
5718,3
5719,0
5720,5
5721,4
5722,5
5723,5
5724,5
5725,3
5726,1
5727,5
5728,1
5729,2
5730,1
5731,1
5732,3
5733,3
5734,1
5735,2
5736,3
5737,3
5738,2
5739,2
5740,3
5741,2
5742,1
5743,5
5744,4
5745,4
5746,5
5747,5
5748,5
5749,2
5750,1
5751,2
5752,3
5753,3
5754,5
5755,2
5756,2
5757,3
5758,3
5759,3
5760,3
5761,3
5762,3
5763,3
5764,3
5765,1
5766,3
5767,1
5768,1
5769,3
5770,3
5771,3
5772,2
5773,3
5774,3
5775,2
5776,2
5777,5
5778,3
5779,0
5780,3
5781,3
5782,3
5783,3
5784,0
5785,1
5786,1
5787,3
5788,3
5789,0
5790,0
5791,0
5792,1
5793,0
5794,1
5795,1
5796,0
5797,0
5798,0
5799,3
5800,3
5801,3
5802,3
5803,3
5804,3
5805,3
5806,3
5807,1
5808,3
5809,2
5810,2
5811,2
5812,0
5813,1
5814,2
5815,1
5816,1
5817,1
5818,3
5819,3
5820,0
5821,3
5822,0
5823,3
5824,0
5825,3
5826,3
5827,3
5828,2
5829,2
5830,3
5831,2
5832,3
5833,0
5834,3
5835,3
5836,3
5837,3
5838,2
5839,2
5840,0
5841,3
5842,3
5843,2
5844,3
5845,2
5846,5
5847,3
5848,3
5849,5
5850,3
5851,3
5852,2
5853,4
5854,4
5855,3
5856,3
5857,2
5858,3
5859,3
5860,3
5861,0
5862,0
5863,0
5864,0
5865,3
5866,0
5867,3
5868,4
5869,0
5870,3
5871,4
5872,4
5873,0
5874,3
5875,4
5876,0
5877,2
5878,2
5879,0
5880,0
5881,0
5882,3
5883,0
5884,0
5885,0
5886,0
5887,0
5888,0
5889,3
5890,0
5891,3
5892,0
5893,0
5894,0
5895,0
5896,3
5897,3
5898,0
5899,0
5900,0
5901,0
5902,0
5903,5
5904,3
5905,3
5906,3
5907,0
5908,5
5909,0
5910,0
5911,0
5912,0
5913,0
5914,4
5915,4
5916,0
5917,2
5918,2
5919,4
5920,0
5921,3
5922,4
5923,4
5924,3
5925,0
5926,0
5927,3
5928,1
5929,1
5930,3
5931,3
5932,2
5933,3
5934,0
5935,2
5936,0
5937,2
5938,0
5939,0
5940,4
5941,4
5942,0
5943,1
5944,5
5945,3
5946,3
5947,3
5948,3
5949,3
5950,1
5951,4
5952,4
5953,4
5954,0
5955,0
5956,4
5957,2
5958,0
5959,4
5960,0
5961,3
5962,2
5963,0
5964,0
5965,0
5966,0
5967,3
5968,2
5969,0
5970,0
5971,2
5972,0
5973,3
5974,2
5975,2
5976,1
5977,2
5978,2
5979,5
5980,3
5981,2
5982,1
5983,2
5984,3
5985,2
5986,2
5987,2
5988,2
5989,3
5990,1
5991,3
5992,3
5993,1
5994,0
5995,1
5996,0
5997,0
5998,0
5999,0
6000,0
