# init_type: comp_sim, Number of clusters: 6
# Frame Index, Cluster Index
0,3
1,0
2,3
3,3
4,3
5,1
6,0
7,3
8,0
9,0
10,0
11,3
12,0
13,0
14,1
15,3
16,1
17,3
18,5
19,1
20,1
21,0
22,0
23,3
24,0
25,3
26,3
27,0
28,0
29,3
30,5
31,3
32,5
33,0
34,3
35,3
36,5
37,0
38,3
39,0
40,5
41,5
42,5
43,0
44,0
45,3
46,3
47,0
48,0
49,0
50,3
51,3
52,3
53,0
54,0
55,0
56,0
57,3
58,5
59,0
60,0
61,0
62,1
63,1
64,3
65,3
66,3
67,0
68,3
69,3
70,3
71,3
72,0
73,0
74,3
75,2
76,2
77,2
78,5
79,1
80,1
81,3
82,1
83,3
84,0
85,1
86,0
87,0
88,0
89,0
90,2
91,3
92,0
93,0
94,0
95,3
96,0
97,0
98,0
99,0
100,4
101,4
102,2
103,3
104,1
105,3
106,3
107,3
108,1
109,1
110,0
111,1
112,3
113,3
114,3
115,0
116,4
117,2
118,1
119,1
120,1
121,1
122,1
123,0
124,0
125,0
126,1
127,1
128,1
129,3
130,1
131,0
132,0
133,3
134,0
135,2
136,5
137,5
138,5
139,5
140,5
141,5
142,0
143,0
144,0
145,1
146,5
147,3
148,3
149,0
150,0
151,5
152,5
153,4
154,4
155,4
156,4
157,1
158,1
159,1
160,5
161,5
162,0
163,4
164,4
165,1
166,5
167,1
168,1
169,4
170,4
171,1
172,4
173,5
174,5
175,1
176,5
177,5
178,2
179,2
180,0
181,2
182,3
183,1
184,3
185,0
186,0
187,0
188,5
189,5
190,5
191,5
192,2
193,5
194,1
195,5
196,5
197,5
198,2
199,2
200,1
201,4
202,1
203,1
204,4
205,4
206,1
207,4
208,4
209,5
210,5
211,5
212,3
213,1
214,0
215,3
216,3
217,1
218,1
219,3
220,1
221,1
222,5
223,3
224,1
225,5
226,5
227,1
228,0
229,1
230,1
231,0
232,2
233,1
234,1
235,2
236,2
237,4
238,1
239,5
240,1
241,0
242,4
243,5
244,5
245,5
246,5
247,1
248,5
249,5
250,5
251,2
252,1
253,2
254,5
255,5
256,5
257,1
258,0
259,1
260,1
261,0
262,0
263,2
264,0
265,2
266,1
267,2
268,0
269,2
270,1
271,3
272,5
273,5
274,5
275,3
276,5
277,5
278,0
279,0
280,1
281,5
282,5
283,5
284,0
285,1
286,0
287,0
288,3
289,1
290,1
291,2
292,5
293,1
294,1
295,1
296,1
297,0
298,1
299,0
300,5
301,2
302,1
303,1
304,1
305,1
306,0
307,1
308,1
309,1
310,1
311,0
312,1
313,1
314,0
315,0
316,1
317,1
318,1
319,0
320,1
321,1
322,1
323,0
324,3
325,1
326,3
327,1
328,3
329,1
330,0
331,3
332,3
333,0
334,5
335,0
336,0
337,3
338,0
339,3
340,0
341,0
342,3
343,5
344,0
345,3
346,3
347,0
348,0
349,0
350,0
351,0
352,0
353,0
354,3
355,3
356,0
357,0
358,1
359,1
360,1
361,1
362,1
363,0
364,2
365,2
366,2
367,5
368,5
369,2
370,2
371,0
372,0
373,0
374,1
375,1
376,1
377,2
378,1
379,1
380,1
381,1
382,1
383,1
384,1
385,1
386,2
387,3
388,0
389,1
390,0
391,1
392,1
393,0
394,0
395,0
396,1
397,2
398,2
399,1
400,0
401,3
402,0
403,3
404,3
405,1
406,2
407,2
408,0
409,1
410,1
411,0
412,0
413,3
414,3
415,3
416,0
417,2
418,1
419,1
420,3
421,0
422,3
423,1
424,2
425,2
426,0
427,2
428,2
429,0
430,0
431,0
432,0
433,0
434,0
435,0
436,1
437,0
438,0
439,1
440,1
441,0
442,3
443,0
444,0
445,0
446,3
447,0
448,1
449,0
450,0
451,1
452,2
453,1
454,0
455,3
456,0
457,3
458,0
459,1
460,0
461,0
462,0
463,0
464,3
465,1
466,1
467,0
468,3
469,2
470,1
471,1
472,1
473,0
474,0
475,2
476,2
477,1
478,1
479,0
480,1
481,0
482,0
483,0
484,1
485,2
486,0
487,0
488,0
489,0
490,1
491,2
492,0
493,1
494,1
495,2
496,1
497,3
498,0
499,1
500,1
501,2
502,1
503,0
504,2
505,0
506,2
507,1
508,1
509,1
510,0
511,0
512,2
513,0
514,3
515,0
516,0
517,0
518,1
519,2
520,2
521,1
522,0
523,0
524,0
525,0
526,3
527,0
528,3
529,3
530,3
531,3
532,0
533,1
534,1
535,0
536,1
537,0
538,0
539,0
540,0
541,0
542,0
543,0
544,2
545,2
546,0
547,0
548,0
549,0
550,0
551,0
552,0
553,0
554,1
555,1
556,0
557,0
558,0
559,0
560,0
561,3
562,0
563,1
564,3
565,0
566,0
567,0
568,0
569,1
570,1
571,0
572,2
573,0
574,0
575,2
576,0
577,1
578,0
579,0
580,0
581,0
582,0
583,2
584,3
585,0
586,0
587,0
588,0
589,0
590,0
591,0
592,5
593,0
594,0
595,0
596,1
597,1
598,0
599,2
600,0
601,2
602,2
603,3
604,0
605,0
606,0
607,0
608,0
609,0
610,0
611,1
612,0
613,0
614,0
615,1
616,0
617,1
618,0
619,1
620,1
621,2
622,2
623,0
624,2
625,1
626,1
627,0
628,0
629,0
630,0
631,0
632,0
633,0
634,0
635,0
636,0
637,1
638,0
639,0
640,0
641,0
642,0
643,0
644,0
645,2
646,2
647,2
648,1
649,0
650,1
651,1
652,3
653,0
654,3
655,1
656,0
657,0
658,1
659,1
660,0
661,1
662,1
663,2
664,0
665,0
666,3
667,0
668,0
669,1
670,0
671,0
672,1
673,0
674,0
675,0
676,0
677,0
678,0
679,0
680,0
681,0
682,0
683,0
684,0
685,0
686,2
687,0
688,1
689,0
690,4
691,0
692,1
693,0
694,0
695,2
696,2
697,1
698,4
699,1
700,2
701,0
702,1
703,1
704,4
705,3
706,4
707,1
708,1
709,4
710,1
711,0
712,1
713,0
714,2
715,1
716,0
717,0
718,0
719,0
720,0
721,0
722,0
723,2
724,1
725,2
726,2
727,1
728,4
729,4
730,4
731,4
732,2
733,0
734,0
735,0
736,0
737,0
738,0
739,4
740,0
741,4
742,4
743,4
744,0
745,0
746,0
747,0
748,0
749,0
750,4
751,0
752,0
753,0
754,0
755,2
756,0
757,0
758,5
759,2
760,0
761,2
762,1
763,1
764,2
765,1
766,1
767,0
768,2
769,0
770,1
771,0
772,0
773,1
774,0
775,0
776,2
777,0
778,0
779,2
780,0
781,0
782,2
783,1
784,2
785,2
786,2
787,0
788,1
789,0
790,2
791,2
792,2
793,0
794,0
795,0
796,0
797,0
798,0
799,0
800,0
801,0
802,2
803,2
804,2
805,2
806,2
807,1
808,3
809,1
810,0
811,0
812,0
813,2
814,1
815,1
816,1
817,1
818,1
819,0
820,0
821,2
822,2
823,0
824,2
825,2
826,2
827,1
828,0
829,3
830,0
831,2
832,2
833,0
834,2
835,2
836,0
837,2
838,3
839,0
840,1
841,0
842,1
843,0
844,0
845,0
846,0
847,0
848,0
849,2
850,0
851,0
852,0
853,0
854,0
855,0
856,1
857,3
858,3
859,1
860,3
861,3
862,3
863,3
864,3
865,3
866,1
867,1
868,1
869,1
870,0
871,0
872,2
873,0
874,0
875,0
876,0
877,0
878,0
879,2
880,0
881,0
882,1
883,3
884,1
885,1
886,0
887,0
888,0
889,0
890,0
891,0
892,0
893,4
894,4
895,3
896,3
897,3
898,3
899,1
900,2
901,3
902,1
903,3
904,3
905,0
906,2
907,0
908,0
909,0
910,2
911,1
912,1
913,0
914,1
915,0
916,1
917,1
918,4
919,0
920,1
921,0
922,0
923,0
924,1
925,0
926,4
927,0
928,4
929,0
930,0
931,0
932,0
933,1
934,2
935,2
936,2
937,0
938,0
939,5
940,5
941,1
942,3
943,4
944,4
945,1
946,2
947,2
948,3
949,2
950,0
951,0
952,0
953,0
954,0
955,5
956,5
957,2
958,3
959,3
960,5
961,5
962,3
963,5
964,3
965,3
966,1
967,3
968,3
969,3
970,0
971,0
972,3
973,0
974,0
975,3
976,3
977,0
978,3
979,3
980,0
981,2
982,3
983,3
984,3
985,2
986,2
987,1
988,2
989,0
990,0
991,1
992,2
993,2
994,0
995,0
996,0
997,3
998,3
999,0
1000,3
1001,3
1002,2
1003,0
1004,0
1005,2
1006,2
1007,2
1008,1
1009,1
1010,3
1011,2
1012,2
1013,4
1014,3
1015,1
1016,3
1017,0
1018,1
1019,2
1020,1
1021,0
1022,2
1023,1
1024,3
1025,1
1026,1
1027,1
1028,1
1029,1
1030,3
1031,2
1032,2
1033,0
1034,1
1035,1
1036,1
1037,2
1038,1
1039,3
1040,3
1041,3
1042,3
1043,3
1044,3
1045,3
1046,3
1047,3
1048,3
1049,1
1050,3
1051,1
1052,3
1053,1
1054,0
1055,1
1056,0
1057,4
1058,3
1059,1
1060,0
1061,0
1062,2
1063,4
1064,5
1065,2
1066,2
1067,4
1068,4
1069,2
1070,0
1071,2
1072,0
1073,1
1074,1
1075,1
1076,3
1077,3
1078,0
1079,0
1080,0
1081,2
1082,3
1083,3
1084,3
1085,3
1086,3
1087,1
1088,1
1089,1
1090,0
1091,1
1092,0
1093,3
1094,3
1095,1
1096,1
1097,2
1098,3
1099,3
1100,0
1101,1
1102,0
1103,0
1104,0
1105,0
1106,0
1107,1
1108,1
1109,3
1110,3
1111,1
1112,0
1113,0
1114,0
1115,0
1116,1
1117,3
1118,3
1119,0
1120,3
1121,3
1122,3
1123,0
1124,3
1125,3
1126,1
1127,5
1128,5
1129,1
1130,1
1131,1
1132,3
1133,3
1134,0
1135,1
1136,0
1137,0
1138,0
1139,3
1140,5
1141,2
1142,2
1143,5
1144,3
1145,5
1146,2
1147,2
1148,0
1149,3
1150,3
1151,3
1152,3
1153,3
1154,4
1155,0
1156,0
1157,0
1158,0
1159,0
1160,0
1161,0
1162,0
1163,0
1164,3
1165,3
1166,0
1167,5
1168,5
1169,0
1170,5
1171,0
1172,5
1173,0
1174,3
1175,3
1176,0
1177,0
1178,1
1179,0
1180,3
1181,3
1182,5
1183,3
1184,4
1185,3
1186,4
1187,4
1188,0
1189,0
1190,0
1191,4
1192,0
1193,0
1194,3
1195,3
1196,0
1197,3
1198,0
1199,0
1200,0
1201,5
1202,5
1203,5
1204,4
1205,1
1206,0
1207,0
1208,0
1209,1
1210,4
1211,0
1212,0
1213,1
1214,0
1215,5
1216,4
1217,0
1218,0
1219,1
1220,1
1221,0
1222,0
1223,0
1224,0
1225,5
1226,1
1227,1
1228,0
1229,0
1230,0
1231,0
1232,1
1233,0
1234,1
1235,0
1236,0
1237,0
1238,4
1239,1
1240,1
1241,1
1242,4
1243,0
1244,0
1245,4
1246,4
1247,4
1248,0
1249,4
1250,0
1251,4
1252,5
1253,5
1254,0
1255,0
1256,0
1257,5
1258,4
1259,4
1260,4
1261,0
1262,4
1263,3
1264,5
1265,5
1266,3
1267,0
1268,0
1269,3
1270,5
1271,2
1272,3
1273,0
1274,0
1275,5
1276,5
1277,0
1278,0
1279,0
1280,5
1281,5
1282,3
1283,3
1284,3
1285,3
1286,1
1287,1
1288,5
1289,5
1290,5
1291,5
1292,3
1293,5
1294,3
1295,5
1296,5
1297,1
1298,1
1299,1
1300,0
1301,0
1302,0
1303,5
1304,0
1305,0
1306,5
1307,5
1308,1
1309,1
1310,5
1311,0
1312,1
1313,1
1314,0
1315,5
1316,1
1317,3
1318,3
1319,3
1320,0
1321,2
1322,1
1323,0
1324,5
1325,1
1326,5
1327,1
1328,0
1329,5
1330,2
1331,2
1332,5
1333,0
1334,0
1335,0
1336,0
1337,1
1338,0
1339,0
1340,0
1341,0
1342,0
1343,0
1344,0
1345,3
1346,3
1347,1
1348,0
1349,0
1350,5
1351,0
1352,0
1353,0
1354,1
1355,5
1356,5
1357,1
1358,1
1359,5
1360,1
1361,3
1362,3
1363,1
1364,0
1365,0
1366,1
1367,2
1368,1
1369,0
1370,1
1371,1
1372,5
1373,1
1374,5
1375,4
1376,1
1377,1
1378,5
1379,5
1380,5
1381,5
1382,1
1383,0
1384,5
1385,1
1386,1
1387,5
1388,4
1389,1
1390,3
1391,1
1392,1
1393,3
1394,3
1395,2
1396,1
1397,0
1398,1
1399,3
1400,1
1401,5
1402,5
1403,2
1404,2
1405,2
1406,1
1407,1
1408,1
1409,5
1410,1
1411,1
1412,1
1413,1
1414,2
1415,1
1416,1
1417,4
1418,4
1419,1
1420,4
1421,4
1422,1
1423,4
1424,1
1425,1
1426,0
1427,0
1428,0
1429,5
1430,1
1431,3
1432,3
1433,1
1434,1
1435,3
1436,5
1437,3
1438,1
1439,5
1440,3
1441,1
1442,3
1443,3
1444,3
1445,3
1446,1
1447,3
1448,3
1449,3
1450,3
1451,1
1452,1
1453,1
1454,1
1455,2
1456,1
1457,1
1458,5
1459,3
1460,0
1461,0
1462,0
1463,1
1464,1
1465,1
1466,1
1467,5
1468,0
1469,5
1470,0
1471,0
1472,1
1473,0
1474,0
1475,1
1476,1
1477,1
1478,1
1479,0
1480,0
1481,0
1482,0
1483,1
1484,0
1485,1
1486,0
1487,0
1488,1
1489,1
1490,1
1491,1
1492,1
1493,1
1494,4
1495,4
1496,1
1497,1
1498,2
1499,2
1500,0
1501,0
1502,1
1503,1
1504,0
1505,0
1506,1
1507,1
1508,1
1509,1
1510,1
1511,2
1512,0
1513,2
1514,0
1515,2
1516,2
1517,2
1518,0
1519,0
1520,3
1521,0
1522,0
1523,4
1524,1
1525,2
1526,4
1527,3
1528,1
1529,3
1530,1
1531,3
1532,3
1533,1
1534,1
1535,0
1536,0
1537,0
1538,1
1539,5
1540,0
1541,2
1542,4
1543,4
1544,0
1545,5
1546,5
1547,4
1548,4
1549,4
1550,4
1551,4
1552,4
1553,2
1554,2
1555,4
1556,4
1557,0
1558,0
1559,0
1560,2
1561,5
1562,0
1563,5
1564,1
1565,1
1566,5
1567,0
1568,5
1569,2
1570,4
1571,2
1572,0
1573,5
1574,1
1575,2
1576,2
1577,3
1578,3
1579,0
1580,2
1581,3
1582,5
1583,0
1584,0
1585,0
1586,0
1587,4
1588,0
1589,4
1590,3
1591,3
1592,0
1593,0
1594,0
1595,4
1596,4
1597,2
1598,0
1599,0
1600,3
1601,3
1602,0
1603,2
1604,2
1605,2
1606,4
1607,2
1608,2
1609,0
1610,0
1611,3
1612,0
1613,3
1614,2
1615,0
1616,2
1617,2
1618,2
1619,0
1620,2
1621,0
1622,1
1623,1
1624,2
1625,0
1626,0
1627,3
1628,3
1629,3
1630,0
1631,3
1632,0
1633,0
1634,1
1635,3
1636,1
1637,0
1638,1
1639,0
1640,0
1641,0
1642,3
1643,3
1644,3
1645,3
1646,0
1647,3
1648,3
1649,3
1650,3
1651,3
1652,3
1653,4
1654,4
1655,3
1656,3
1657,4
1658,0
1659,4
1660,0
1661,0
1662,4
1663,4
1664,3
1665,0
1666,0
1667,0
1668,0
1669,0
1670,3
1671,0
1672,0
1673,0
1674,0
1675,2
1676,2
1677,2
1678,2
1679,1
1680,4
1681,4
1682,4
1683,4
1684,1
1685,0
1686,1
1687,1
1688,1
1689,1
1690,3
1691,2
1692,4
1693,4
1694,4
1695,1
1696,2
1697,2
1698,5
1699,2
1700,2
1701,5
1702,5
1703,0
1704,2
1705,2
1706,0
1707,0
1708,2
1709,2
1710,2
1711,5
1712,5
1713,2
1714,5
1715,5
1716,2
1717,2
1718,0
1719,2
1720,2
1721,0
1722,2
1723,2
1724,0
1725,2
1726,5
1727,2
1728,0
1729,2
1730,5
1731,1
1732,5
1733,5
1734,5
1735,5
1736,2
1737,1
1738,5
1739,5
1740,5
1741,0
1742,0
1743,5
1744,2
1745,2
1746,4
1747,0
1748,0
1749,3
1750,5
1751,3
1752,0
1753,3
1754,4
1755,4
1756,4
1757,0
1758,3
1759,3
1760,4
1761,3
1762,3
1763,0
1764,0
1765,1
1766,1
1767,3
1768,1
1769,1
1770,3
1771,4
1772,3
1773,4
1774,4
1775,4
1776,4
1777,4
1778,0
1779,4
1780,4
1781,0
1782,5
1783,5
1784,0
1785,0
1786,0
1787,5
1788,3
1789,0
1790,0
1791,4
1792,4
1793,0
1794,0
1795,0
1796,2
1797,2
1798,4
1799,3
1800,3
1801,3
1802,0
1803,2
1804,2
1805,2
1806,3
1807,2
1808,3
1809,0
1810,5
1811,3
1812,3
1813,2
1814,2
1815,0
1816,0
1817,2
1818,2
1819,2
1820,0
1821,2
1822,2
1823,5
1824,2
1825,2
1826,1
1827,0
1828,1
1829,2
1830,3
1831,2
1832,5
1833,5
1834,4
1835,5
1836,2
1837,1
1838,5
1839,0
1840,1
1841,1
1842,5
1843,5
1844,3
1845,3
1846,0
1847,3
1848,3
1849,0
1850,0
1851,3
1852,0
1853,0
1854,0
1855,5
1856,5
1857,3
1858,5
1859,3
1860,1
1861,1
1862,1
1863,1
1864,5
1865,5
1866,1
1867,1
1868,1
1869,1
1870,5
1871,5
1872,1
1873,4
1874,1
1875,1
1876,3
1877,4
1878,3
1879,4
1880,3
1881,4
1882,1
1883,5
1884,1
1885,1
1886,3
1887,4
1888,4
1889,1
1890,4
1891,5
1892,0
1893,4
1894,5
1895,5
1896,4
1897,5
1898,5
1899,5
1900,4
1901,4
1902,4
1903,2
1904,4
1905,4
1906,4
1907,4
1908,3
1909,4
1910,0
1911,0
1912,0
1913,1
1914,5
1915,1
1916,4
1917,4
1918,5
1919,0
1920,4
1921,4
1922,4
1923,2
1924,0
1925,4
1926,4
1927,4
1928,4
1929,3
1930,3
1931,3
1932,2
1933,2
1934,1
1935,3
1936,1
1937,2
1938,2
1939,4
1940,4
1941,4
1942,0
1943,0
1944,4
1945,4
1946,2
1947,4
1948,3
1949,2
1950,2
1951,4
1952,4
1953,2
1954,4
1955,4
1956,4
1957,4
1958,3
1959,4
1960,0
1961,3
1962,3
1963,3
1964,3
1965,3
1966,3
1967,3
1968,4
1969,3
1970,0
1971,3
1972,3
1973,3
1974,3
1975,0
1976,4
1977,0
1978,4
1979,4
1980,0
1981,0
1982,3
1983,4
1984,4
1985,4
1986,2
1987,2
1988,4
1989,0
1990,0
1991,0
1992,3
1993,3
1994,0
1995,0
1996,4
1997,4
1998,4
1999,0
2000,5
2001,3
2002,4
2003,4
2004,5
2005,0
2006,5
2007,0
2008,0
2009,0
2010,0
2011,2
2012,4
2013,2
2014,5
2015,5
2016,0
2017,5
2018,5
2019,2
2020,5
2021,2
2022,5
2023,5
2024,4
2025,5
2026,4
2027,4
2028,4
2029,3
2030,0
2031,3
2032,3
2033,5
2034,5
2035,5
2036,5
2037,0
2038,5
2039,5
2040,3
2041,5
2042,0
2043,0
2044,0
2045,0
2046,0
2047,0
2048,0
2049,0
2050,4
2051,0
2052,5
2053,5
2054,2
2055,0
2056,0
2057,5
2058,5
2059,5
2060,5
2061,5
2062,2
2063,1
2064,4
2065,4
2066,3
2067,3
2068,4
2069,2
2070,4
2071,4
2072,4
2073,4
2074,2
2075,2
2076,0
2077,2
2078,1
2079,4
2080,2
2081,1
2082,1
2083,1
2084,3
2085,1
2086,1
2087,0
2088,3
2089,1
2090,4
2091,1
2092,4
2093,1
2094,5
2095,3
2096,3
2097,5
2098,3
2099,2
2100,0
2101,3
2102,5
2103,0
2104,0
2105,0
2106,3
2107,5
2108,3
2109,1
2110,0
2111,2
2112,2
2113,0
2114,3
2115,3
2116,4
2117,4
2118,4
2119,4
2120,1
2121,4
2122,4
2123,4
2124,4
2125,3
2126,5
2127,4
2128,4
2129,4
2130,2
2131,5
2132,2
2133,4
2134,2
2135,1
2136,1
2137,4
2138,4
2139,5
2140,4
2141,5
2142,4
2143,4
2144,5
2145,0
2146,3
2147,2
2148,2
2149,2
2150,4
2151,1
2152,1
2153,4
2154,4
2155,4
2156,1
2157,4
2158,4
2159,4
2160,4
2161,4
2162,2
2163,5
2164,5
2165,5
2166,5
2167,5
2168,0
2169,1
2170,3
2171,5
2172,5
2173,3
2174,3
2175,5
2176,5
2177,5
2178,5
2179,5
2180,5
2181,5
2182,1
2183,0
2184,5
2185,5
2186,5
2187,1
2188,1
2189,1
2190,0
2191,1
2192,0
2193,3
2194,2
2195,4
2196,4
2197,3
2198,3
2199,2
2200,3
2201,1
2202,0
2203,1
2204,3
2205,1
2206,1
2207,2
2208,2
2209,4
2210,4
2211,4
2212,1
2213,1
2214,1
2215,1
2216,2
2217,1
2218,2
2219,5
2220,1
2221,1
2222,1
2223,0
2224,2
2225,0
2226,1
2227,0
2228,2
2229,0
2230,1
2231,1
2232,1
2233,0
2234,0
2235,1
2236,1
2237,4
2238,2
2239,1
2240,1
2241,1
2242,3
2243,1
2244,0
2245,3
2246,0
2247,1
2248,3
2249,3
2250,0
2251,0
2252,0
2253,0
2254,0
2255,0
2256,3
2257,2
2258,3
2259,2
2260,0
2261,2
2262,0
2263,2
2264,2
2265,2
2266,2
2267,2
2268,2
2269,0
2270,0
2271,2
2272,3
2273,3
2274,3
2275,0
2276,1
2277,1
2278,0
2279,0
2280,5
2281,5
2282,0
2283,0
2284,5
2285,2
2286,2
2287,0
2288,0
2289,0
2290,1
2291,3
2292,3
2293,3
2294,4
2295,2
2296,0
2297,5
2298,0
2299,2
2300,4
2301,4
2302,4
2303,5
2304,3
2305,2
2306,2
2307,0
2308,2
2309,2
2310,2
2311,1
2312,1
2313,1
2314,1
2315,5
2316,5
2317,3
2318,2
2319,0
2320,0
2321,0
2322,0
2323,0
2324,0
2325,3
2326,5
2327,0
2328,1
2329,3
2330,0
2331,3
2332,0
2333,3
2334,0
2335,0
2336,0
2337,4
2338,0
2339,5
2340,5
2341,5
2342,1
2343,1
2344,5
2345,0
2346,0
2347,0
2348,3
2349,0
2350,4
2351,4
2352,0
2353,4
2354,5
2355,5
2356,0
2357,4
2358,5
2359,0
2360,4
2361,3
2362,3
2363,0
2364,0
2365,4
2366,0
2367,0
2368,4
2369,4
2370,4
2371,4
2372,4
2373,3
2374,2
2375,5
2376,0
2377,0
2378,3
2379,4
2380,5
2381,2
2382,1
2383,0
2384,2
2385,4
2386,2
2387,2
2388,1
2389,1
2390,4
2391,2
2392,2
2393,1
2394,3
2395,5
2396,5
2397,1
2398,5
2399,2
2400,3
2401,5
2402,0
2403,4
2404,0
2405,5
2406,5
2407,4
2408,0
2409,0
2410,5
2411,0
2412,5
2413,0
2414,0
2415,2
2416,0
2417,0
2418,0
2419,2
2420,1
2421,2
2422,1
2423,1
2424,0
2425,4
2426,2
2427,2
2428,4
2429,2
2430,3
2431,4
2432,3
2433,1
2434,0
2435,1
2436,2
2437,2
2438,3
2439,3
2440,3
2441,3
2442,4
2443,4
2444,2
2445,2
2446,2
2447,2
2448,4
2449,1
2450,2
2451,5
2452,2
2453,4
2454,1
2455,2
2456,2
2457,0
2458,0
2459,5
2460,5
2461,1
2462,2
2463,2
2464,2
2465,1
2466,2
2467,1
2468,1
2469,1
2470,1
2471,1
2472,3
2473,4
2474,4
2475,2
2476,3
2477,3
2478,2
2479,0
2480,2
2481,2
2482,1
2483,3
2484,1
2485,3
2486,0
2487,2
2488,3
2489,2
2490,0
2491,2
2492,0
2493,5
2494,5
2495,0
2496,0
2497,2
2498,2
2499,0
2500,1
2501,1
2502,5
2503,5
2504,2
2505,0
2506,0
2507,2
2508,2
2509,0
2510,0
2511,5
2512,1
2513,0
2514,0
2515,0
2516,0
2517,0
2518,3
2519,5
2520,0
2521,5
2522,0
2523,0
2524,3
2525,0
2526,3
2527,0
2528,0
2529,5
2530,0
2531,4
2532,0
2533,3
2534,1
2535,4
2536,1
2537,4
2538,4
2539,4
2540,1
2541,4
2542,1
2543,4
2544,0
2545,0
2546,4
2547,4
2548,3
2549,0
2550,0
2551,0
2552,0
2553,0
2554,0
2555,5
2556,5
2557,1
2558,0
2559,0
2560,0
2561,0
2562,5
2563,1
2564,0
2565,5
2566,5
2567,5
2568,5
2569,5
2570,5
2571,1
2572,2
2573,5
2574,5
2575,2
2576,1
2577,1
2578,1
2579,1
2580,1
2581,4
2582,1
2583,1
2584,2
2585,0
2586,2
2587,2
2588,3
2589,0
2590,0
2591,1
2592,2
2593,1
2594,2
2595,2
2596,1
2597,1
2598,2
2599,2
2600,2
2601,2
2602,2
2603,2
2604,2
2605,4
2606,3
2607,4
2608,1
2609,1
2610,4
2611,1
2612,1
2613,1
2614,1
2615,1
2616,5
2617,1
2618,2
2619,2
2620,1
2621,2
2622,1
2623,2
2624,1
2625,1
2626,2
2627,5
2628,5
2629,5
2630,4
2631,5
2632,5
2633,4
2634,4
2635,3
2636,3
2637,1
2638,1
2639,4
2640,5
2641,0
2642,1
2643,1
2644,5
2645,2
2646,4
2647,4
2648,1
2649,4
2650,1
2651,2
2652,1
2653,4
2654,0
2655,0
2656,1
2657,3
2658,0
2659,3
2660,2
2661,2
2662,2
2663,4
2664,3
2665,5
2666,4
2667,1
2668,1
2669,5
2670,5
2671,5
2672,2
2673,2
2674,2
2675,3
2676,3
2677,3
2678,2
2679,5
2680,3
2681,1
2682,3
2683,1
2684,1
2685,1
2686,1
2687,2
2688,0
2689,1
2690,2
2691,2
2692,1
2693,1
2694,1
2695,0
2696,1
2697,1
2698,4
2699,1
2700,5
2701,5
2702,2
2703,0
2704,3
2705,0
2706,0
2707,3
2708,3
2709,0
2710,1
2711,3
2712,1
2713,2
2714,5
2715,3
2716,3
2717,0
2718,4
2719,0
2720,0
2721,0
2722,4
2723,4
2724,1
2725,1
2726,0
2727,1
2728,1
2729,3
2730,3
2731,2
2732,4
2733,3
2734,2
2735,1
2736,3
2737,1
2738,5
2739,4
2740,5
2741,5
2742,5
2743,5
2744,5
2745,5
2746,5
2747,2
2748,2
2749,2
2750,2
2751,2
2752,2
2753,2
2754,1
2755,2
2756,2
2757,5
2758,4
2759,1
2760,5
2761,5
2762,5
2763,5
2764,3
2765,2
2766,4
2767,2
2768,0
2769,2
2770,4
2771,3
2772,1
2773,4
2774,2
2775,2
2776,4
2777,4
2778,1
2779,2
2780,2
2781,5
2782,2
2783,3
2784,3
2785,4
2786,4
2787,2
2788,2
2789,4
2790,2
2791,2
2792,2
2793,2
2794,5
2795,2
2796,2
2797,2
2798,4
2799,3
2800,3
2801,0
2802,0
2803,3
2804,5
2805,4
2806,5
2807,5
2808,5
2809,2
2810,4
2811,5
2812,3
2813,5
2814,5
2815,4
2816,2
2817,4
2818,2
2819,2
2820,4
2821,2
2822,4
2823,4
2824,2
2825,2
2826,1
2827,1
2828,0
2829,0
2830,3
2831,0
2832,0
2833,3
2834,3
2835,0
2836,3
2837,3
2838,3
2839,4
2840,0
2841,2
2842,0
2843,0
2844,0
2845,0
2846,0
2847,2
2848,4
2849,4
2850,4
2851,3
2852,3
2853,2
2854,4
2855,2
2856,4
2857,4
2858,4
2859,4
2860,4
2861,4
2862,4
2863,4
2864,2
2865,2
2866,2
2867,4
2868,2
2869,0
2870,2
2871,4
2872,1
2873,4
2874,4
2875,4
2876,0
2877,4
2878,5
2879,1
2880,4
2881,4
2882,4
2883,4
2884,4
2885,4
2886,2
2887,3
2888,4
2889,4
2890,3
2891,4
2892,3
2893,3
2894,3
2895,3
2896,4
2897,2
2898,2
2899,4
2900,3
2901,4
2902,2
2903,4
2904,4
2905,3
2906,5
2907,0
2908,4
2909,4
2910,4
2911,2
2912,4
2913,0
2914,4
2915,3
2916,3
2917,2
2918,2
2919,2
2920,4
2921,4
2922,3
2923,2
2924,4
2925,2
2926,2
2927,2
2928,4
2929,4
2930,4
2931,0
2932,2
2933,5
2934,2
2935,2
2936,5
2937,5
2938,2
2939,2
2940,5
2941,3
2942,3
2943,2
2944,2
2945,4
2946,4
2947,4
2948,4
2949,4
2950,0
2951,5
2952,0
2953,0
2954,0
2955,4
2956,0
2957,1
2958,2
2959,2
2960,2
2961,3
2962,5
2963,4
2964,2
2965,5
2966,4
2967,5
2968,2
2969,4
2970,5
2971,2
2972,3
2973,3
2974,2
2975,4
2976,0
2977,0
2978,2
2979,2
2980,2
2981,2
2982,5
2983,5
2984,2
2985,0
2986,5
2987,2
2988,2
2989,3
2990,0
2991,2
2992,4
2993,3
2994,4
2995,0
2996,0
2997,4
2998,2
2999,2
3000,2
3001,2
3002,2
3003,2
3004,2
3005,2
3006,0
3007,2
3008,2
3009,3
3010,0
3011,2
3012,2
3013,5
3014,2
3015,3
3016,2
3017,2
3018,2
3019,5
3020,5
3021,5
3022,2
3023,2
3024,5
3025,2
3026,2
3027,0
3028,0
3029,2
3030,2
3031,2
3032,3
3033,3
3034,5
3035,3
3036,3
3037,5
3038,5
3039,3
3040,5
3041,0
3042,5
3043,5
3044,0
3045,5
3046,5
3047,5
3048,5
3049,5
3050,5
3051,1
3052,5
3053,5
3054,5
3055,2
3056,0
3057,0
3058,1
3059,5
3060,5
3061,5
3062,0
3063,3
3064,1
3065,1
3066,0
3067,0
3068,5
3069,1
3070,1
3071,3
3072,0
3073,3
3074,0
3075,0
3076,0
3077,3
3078,3
3079,0
3080,5
3081,1
3082,1
3083,1
3084,5
3085,5
3086,5
3087,2
3088,3
3089,2
3090,0
3091,0
3092,0
3093,3
3094,3
3095,0
3096,0
3097,5
3098,5
3099,0
3100,1
3101,0
3102,5
3103,5
3104,5
3105,5
3106,3
3107,0
3108,1
3109,0
3110,0
3111,5
3112,5
3113,5
3114,1
3115,1
3116,3
3117,0
3118,5
3119,5
3120,3
3121,5
3122,1
3123,1
3124,1
3125,1
3126,1
3127,0
3128,1
3129,5
3130,1
3131,5
3132,5
3133,5
3134,0
3135,3
3136,5
3137,5
3138,5
3139,5
3140,5
3141,2
3142,0
3143,5
3144,5
3145,0
3146,2
3147,0
3148,0
3149,3
3150,3
3151,3
3152,3
3153,0
3154,1
3155,0
3156,0
3157,1
3158,0
3159,0
3160,0
3161,1
3162,3
3163,1
3164,1
3165,3
3166,5
3167,5
3168,3
3169,5
3170,1
3171,3
3172,0
3173,0
3174,3
3175,3
3176,1
3177,1
3178,0
3179,0
3180,3
3181,3
3182,1
3183,1
3184,2
3185,1
3186,0
3187,3
3188,0
3189,5
3190,5
3191,1
3192,4
3193,5
3194,4
3195,4
3196,0
3197,1
3198,1
3199,0
3200,5
3201,5
3202,5
3203,0
3204,0
3205,0
3206,0
3207,1
3208,0
3209,0
3210,1
3211,1
3212,1
3213,0
3214,3
3215,1
3216,1
3217,1
3218,1
3219,5
3220,0
3221,0
3222,4
3223,0
3224,2
3225,2
3226,2
3227,1
3228,3
3229,5
3230,5
3231,5
3232,1
3233,1
3234,1
3235,1
3236,1
3237,5
3238,5
3239,3
3240,5
3241,5
3242,1
3243,5
3244,5
3245,5
3246,2
3247,0
3248,1
3249,5
3250,0
3251,1
3252,3
3253,0
3254,0
3255,5
3256,5
3257,5
3258,0
3259,0
3260,3
3261,5
3262,5
3263,3
3264,5
3265,0
3266,0
3267,0
3268,5
3269,5
3270,5
3271,5
3272,0
3273,0
3274,5
3275,0
3276,5
3277,0
3278,0
3279,0
3280,1
3281,1
3282,0
3283,0
3284,0
3285,0
3286,5
3287,3
3288,0
3289,2
3290,5
3291,5
3292,0
3293,5
3294,5
3295,5
3296,5
3297,0
3298,0
3299,0
3300,0
3301,0
3302,5
3303,0
3304,5
3305,0
3306,3
3307,0
3308,0
3309,0
3310,4
3311,0
3312,0
3313,4
3314,5
3315,4
3316,0
3317,0
3318,3
3319,3
3320,3
3321,0
3322,0
3323,2
3324,0
3325,4
3326,3
3327,0
3328,4
3329,0
3330,0
3331,0
3332,5
3333,0
3334,0
3335,0
3336,0
3337,0
3338,4
3339,5
3340,4
3341,3
3342,0
3343,3
3344,5
3345,5
3346,3
3347,3
3348,0
3349,5
3350,5
3351,1
3352,0
3353,0
3354,0
3355,0
3356,0
3357,4
3358,5
3359,4
3360,4
3361,5
3362,3
3363,0
3364,0
3365,1
3366,1
3367,0
3368,1
3369,0
3370,5
3371,0
3372,1
3373,2
3374,0
3375,0
3376,0
3377,2
3378,2
3379,3
3380,0
3381,0
3382,0
3383,0
3384,1
3385,5
3386,0
3387,1
3388,0
3389,5
3390,0
3391,0
3392,0
3393,0
3394,0
3395,0
3396,0
3397,0
3398,0
3399,0
3400,0
3401,0
3402,0
3403,0
3404,5
3405,4
3406,1
3407,1
3408,1
3409,5
3410,0
3411,0
3412,0
3413,0
3414,0
3415,0
3416,5
3417,0
3418,0
3419,0
3420,0
3421,0
3422,2
3423,0
3424,0
3425,0
3426,0
3427,0
3428,0
3429,0
3430,0
3431,0
3432,0
3433,0
3434,0
3435,0
3436,1
3437,1
3438,1
3439,1
3440,0
3441,2
3442,1
3443,4
3444,4
3445,0
3446,0
3447,0
3448,2
3449,0
3450,0
3451,0
3452,0
3453,0
3454,0
3455,0
3456,0
3457,0
3458,2
3459,1
3460,2
3461,4
3462,4
3463,4
3464,2
3465,1
3466,2
3467,4
3468,1
3469,1
3470,4
3471,0
3472,0
3473,0
3474,0
3475,0
3476,0
3477,0
3478,0
3479,0
3480,1
3481,1
3482,0
3483,0
3484,2
3485,0
3486,0
3487,0
3488,0
3489,5
3490,5
3491,5
3492,0
3493,0
3494,0
3495,0
3496,0
3497,0
3498,1
3499,0
3500,1
3501,2
3502,0
3503,0
3504,0
3505,0
3506,0
3507,0
3508,0
3509,1
3510,3
3511,0
3512,0
3513,0
3514,0
3515,0
3516,0
3517,5
3518,0
3519,0
3520,4
3521,1
3522,3
3523,3
3524,4
3525,3
3526,5
3527,0
3528,4
3529,0
3530,0
3531,1
3532,0
3533,1
3534,1
3535,1
3536,3
3537,0
3538,3
3539,1
3540,1
3541,1
3542,0
3543,0
3544,0
3545,0
3546,0
3547,1
3548,1
3549,1
3550,3
3551,3
3552,1
3553,2
3554,3
3555,0
3556,3
3557,0
3558,0
3559,0
3560,0
3561,3
3562,0
3563,4
3564,1
3565,1
3566,3
3567,2
3568,1
3569,3
3570,1
3571,1
3572,2
3573,2
3574,0
3575,0
3576,0
3577,3
3578,3
3579,0
3580,0
3581,3
3582,4
3583,4
3584,3
3585,3
3586,4
3587,4
3588,0
3589,1
3590,5
3591,4
3592,1
3593,0
3594,4
3595,0
3596,0
3597,4
3598,3
3599,3
3600,1
3601,1
3602,0
3603,4
3604,1
3605,0
3606,0
3607,1
3608,0
3609,2
3610,0
3611,0
3612,0
3613,1
3614,4
3615,1
3616,1
3617,1
3618,3
3619,0
3620,1
3621,3
3622,0
3623,0
3624,4
3625,4
3626,4
3627,0
3628,0
3629,2
3630,0
3631,4
3632,4
3633,4
3634,2
3635,4
3636,3
3637,3
3638,0
3639,2
3640,0
3641,0
3642,0
3643,0
3644,3
3645,2
3646,2
3647,4
3648,4
3649,0
3650,3
3651,4
3652,3
3653,3
3654,0
3655,0
3656,5
3657,3
3658,0
3659,0
3660,4
3661,0
3662,1
3663,0
3664,0
3665,0
3666,0
3667,4
3668,4
3669,5
3670,4
3671,1
3672,5
3673,1
3674,0
3675,5
3676,2
3677,4
3678,0
3679,4
3680,2
3681,4
3682,3
3683,2
3684,0
3685,1
3686,4
3687,3
3688,3
3689,0
3690,0
3691,3
3692,0
3693,0
3694,0
3695,0
3696,2
3697,1
3698,0
3699,0
3700,1
3701,0
3702,1
3703,2
3704,3
3705,0
3706,4
3707,0
3708,0
3709,3
3710,3
3711,0
3712,0
3713,1
3714,0
3715,0
3716,2
3717,0
3718,0
3719,2
3720,0
3721,0
3722,2
3723,1
3724,3
3725,3
3726,3
3727,3
3728,3
3729,3
3730,3
3731,3
3732,2
3733,1
3734,2
3735,2
3736,2
3737,1
3738,0
3739,1
3740,1
3741,1
3742,1
3743,1
3744,3
3745,0
3746,0
3747,0
3748,0
3749,0
3750,0
3751,0
3752,1
3753,0
3754,0
3755,0
3756,0
3757,1
3758,1
3759,1
3760,0
3761,1
3762,4
3763,3
3764,3
3765,1
3766,1
3767,1
3768,1
3769,2
3770,2
3771,2
3772,2
3773,0
3774,1
3775,1
3776,1
3777,1
3778,1
3779,0
3780,0
3781,1
3782,1
3783,0
3784,1
3785,1
3786,1
3787,1
3788,0
3789,0
3790,0
3791,0
3792,0
3793,0
3794,1
3795,1
3796,1
3797,1
3798,0
3799,4
3800,1
3801,4
3802,4
3803,1
3804,1
3805,1
3806,1
3807,0
3808,0
3809,1
3810,1
3811,0
3812,0
3813,0
3814,4
3815,4
3816,0
3817,0
3818,4
3819,5
3820,4
3821,0
3822,0
3823,5
3824,4
3825,0
3826,0
3827,0
3828,4
3829,0
3830,4
3831,4
3832,0
3833,0
3834,0
3835,0
3836,4
3837,0
3838,1
3839,5
3840,0
3841,5
3842,1
3843,1
3844,1
3845,0
3846,0
3847,0
3848,0
3849,2
3850,2
3851,0
3852,5
3853,5
3854,0
3855,0
3856,0
3857,0
3858,2
3859,2
3860,2
3861,4
3862,2
3863,4
3864,4
3865,4
3866,2
3867,4
3868,2
3869,2
3870,4
3871,2
3872,4
3873,2
3874,2
3875,0
3876,2
3877,2
3878,2
3879,2
3880,2
3881,4
3882,2
3883,2
3884,2
3885,0
3886,4
3887,4
3888,2
3889,4
3890,4
3891,4
3892,2
3893,4
3894,0
3895,0
3896,5
3897,0
3898,1
3899,1
3900,0
3901,4
3902,4
3903,4
3904,0
3905,2
3906,5
3907,5
3908,0
3909,1
3910,5
3911,2
3912,0
3913,5
3914,5
3915,0
3916,0
3917,0
3918,0
3919,2
3920,2
3921,5
3922,1
3923,5
3924,4
3925,5
3926,1
3927,2
3928,4
3929,3
3930,1
3931,5
3932,5
3933,4
3934,4
3935,4
3936,1
3937,4
3938,4
3939,5
3940,3
3941,4
3942,0
3943,5
3944,0
3945,0
3946,1
3947,5
3948,4
3949,4
3950,3
3951,1
3952,1
3953,1
3954,5
3955,5
3956,1
3957,1
3958,3
3959,1
3960,0
3961,0
3962,5
3963,5
3964,5
3965,0
3966,5
3967,5
3968,5
3969,2
3970,4
3971,2
3972,2
3973,2
3974,0
3975,0
3976,0
3977,2
3978,0
3979,0
3980,0
3981,0
3982,0
3983,3
3984,5
3985,3
3986,1
3987,0
3988,0
3989,2
3990,1
3991,0
3992,1
3993,2
3994,1
3995,0
3996,3
3997,1
3998,1
3999,1
4000,0
4001,0
4002,0
4003,1
4004,0
4005,0
4006,0
4007,0
4008,1
4009,1
4010,0
4011,1
4012,1
4013,1
4014,1
4015,1
4016,1
4017,1
4018,1
4019,0
4020,0
4021,0
4022,0
4023,0
4024,1
4025,2
4026,1
4027,1
4028,1
4029,5
4030,1
4031,4
4032,5
4033,0
4034,0
4035,0
4036,1
4037,0
4038,0
4039,0
4040,0
4041,3
4042,3
4043,1
4044,1
4045,0
4046,1
4047,0
4048,1
4049,0
4050,0
4051,1
4052,0
4053,0
4054,0
4055,0
4056,0
4057,1
4058,0
4059,1
4060,0
4061,1
4062,3
4063,3
4064,3
4065,1
4066,0
4067,2
4068,0
4069,0
4070,1
4071,0
4072,3
4073,1
4074,0
4075,1
4076,0
4077,1
4078,0
4079,0
4080,0
4081,0
4082,1
4083,0
4084,0
4085,0
4086,0
4087,0
4088,0
4089,0
4090,3
4091,3
4092,1
4093,0
4094,0
4095,0
4096,0
4097,0
4098,0
4099,0
4100,0
4101,5
4102,0
4103,2
4104,1
4105,2
4106,2
4107,2
4108,2
4109,1
4110,3
4111,4
4112,4
4113,1
4114,1
4115,3
4116,4
4117,4
4118,1
4119,1
4120,0
4121,0
4122,1
4123,1
4124,4
4125,4
4126,1
4127,0
4128,0
4129,0
4130,2
4131,1
4132,4
4133,4
4134,4
4135,4
4136,4
4137,4
4138,0
4139,0
4140,4
4141,2
4142,2
4143,2
4144,1
4145,1
4146,4
4147,1
4148,4
4149,0
4150,0
4151,0
4152,0
4153,2
4154,0
4155,1
4156,0
4157,3
4158,3
4159,1
4160,3
4161,0
4162,1
4163,0
4164,1
4165,1
4166,2
4167,1
4168,1
4169,1
4170,2
4171,3
4172,3
4173,3
4174,0
4175,2
4176,0
4177,4
4178,3
4179,0
4180,1
4181,1
4182,0
4183,1
4184,0
4185,1
4186,2
4187,0
4188,2
4189,2
4190,2
4191,1
4192,0
4193,2
4194,1
4195,0
4196,0
4197,4
4198,1
4199,0
4200,2
4201,0
4202,2
4203,1
4204,1
4205,0
4206,1
4207,1
4208,1
4209,1
4210,1
4211,3
4212,4
4213,0
4214,4
4215,0
4216,1
4217,4
4218,1
4219,1
4220,1
4221,1
4222,4
4223,0
4224,4
4225,4
4226,4
4227,1
4228,2
4229,2
4230,3
4231,3
4232,3
4233,2
4234,3
4235,1
4236,1
4237,1
4238,1
4239,1
4240,4
4241,4
4242,4
4243,3
4244,1
4245,1
4246,1
4247,1
4248,1
4249,1
4250,1
4251,1
4252,4
4253,4
4254,4
4255,1
4256,1
4257,2
4258,1
4259,1
4260,1
4261,0
4262,1
4263,1
4264,4
4265,1
4266,1
4267,2
4268,2
4269,4
4270,4
4271,4
4272,4
4273,2
4274,2
4275,1
4276,0
4277,1
4278,1
4279,0
4280,4
4281,2
4282,2
4283,2
4284,4
4285,4
4286,2
4287,2
4288,4
4289,2
4290,2
4291,1
4292,2
4293,1
4294,1
4295,1
4296,2
4297,4
4298,4
4299,1
4300,1
4301,1
4302,0
4303,0
4304,2
4305,0
4306,2
4307,0
4308,2
4309,2
4310,4
4311,0
4312,0
4313,0
4314,1
4315,0
4316,2
4317,1
4318,2
4319,1
4320,1
4321,0
4322,0
4323,2
4324,0
4325,2
4326,0
4327,1
4328,1
4329,2
4330,2
4331,0
4332,2
4333,2
4334,2
4335,2
4336,2
4337,2
4338,2
4339,0
4340,0
4341,2
4342,2
4343,2
4344,4
4345,2
4346,2
4347,0
4348,0
4349,4
4350,4
4351,0
4352,4
4353,1
4354,4
4355,1
4356,1
4357,2
4358,1
4359,1
4360,2
4361,2
4362,2
4363,0
4364,2
4365,2
4366,0
4367,0
4368,0
4369,2
4370,2
4371,0
4372,0
4373,0
4374,0
4375,2
4376,2
4377,2
4378,1
4379,2
4380,1
4381,1
4382,1
4383,2
4384,2
4385,2
4386,2
4387,0
4388,0
4389,2
4390,0
4391,0
4392,0
4393,0
4394,1
4395,0
4396,2
4397,0
4398,1
4399,1
4400,1
4401,1
4402,1
4403,0
4404,2
4405,0
4406,2
4407,1
4408,2
4409,2
4410,2
4411,0
4412,2
4413,0
4414,0
4415,2
4416,0
4417,1
4418,1
4419,1
4420,0
4421,0
4422,2
4423,1
4424,2
4425,1
4426,2
4427,1
4428,1
4429,1
4430,2
4431,2
4432,2
4433,2
4434,0
4435,0
4436,2
4437,2
4438,0
4439,2
4440,2
4441,4
4442,1
4443,0
4444,0
4445,0
4446,0
4447,2
4448,2
4449,2
4450,2
4451,1
4452,1
4453,1
4454,0
4455,2
4456,3
4457,0
4458,2
4459,0
4460,1
4461,0
4462,3
4463,1
4464,1
4465,3
4466,1
4467,0
4468,1
4469,0
4470,2
4471,1
4472,0
4473,3
4474,1
4475,2
4476,0
4477,0
4478,1
4479,0
4480,0
4481,0
4482,0
4483,2
4484,0
4485,2
4486,0
4487,0
4488,0
4489,0
4490,2
4491,2
4492,0
4493,0
4494,0
4495,4
4496,0
4497,0
4498,0
4499,0
4500,2
4501,4
4502,2
4503,4
4504,4
4505,1
4506,2
4507,2
4508,2
4509,2
4510,1
4511,2
4512,2
4513,4
4514,2
4515,0
4516,2
4517,0
4518,0
4519,1
4520,1
4521,1
4522,0
4523,0
4524,0
4525,1
4526,1
4527,0
4528,4
4529,1
4530,0
4531,0
4532,0
4533,0
4534,0
4535,0
4536,1
4537,1
4538,0
4539,0
4540,0
4541,1
4542,2
4543,0
4544,3
4545,3
4546,3
4547,5
4548,1
4549,2
4550,2
4551,2
4552,1
4553,1
4554,1
4555,1
4556,1
4557,2
4558,2
4559,4
4560,0
4561,3
4562,2
4563,4
4564,3
4565,0
4566,0
4567,2
4568,4
4569,3
4570,0
4571,4
4572,2
4573,1
4574,1
4575,1
4576,1
4577,0
4578,1
4579,4
4580,0
4581,3
4582,3
4583,0
4584,3
4585,0
4586,0
4587,3
4588,0
4589,3
4590,2
4591,1
4592,0
4593,3
4594,3
4595,3
4596,3
4597,2
4598,3
4599,3
4600,0
4601,2
4602,1
4603,0
4604,0
4605,3
4606,4
4607,2
4608,0
4609,2
4610,2
4611,0
4612,0
4613,0
4614,0
4615,3
4616,0
4617,3
4618,0
4619,0
4620,0
4621,0
4622,0
4623,1
4624,0
4625,0
4626,3
4627,3
4628,3
4629,0
4630,0
4631,0
4632,0
4633,0
4634,0
4635,0
4636,3
4637,3
4638,0
4639,0
4640,0
4641,0
4642,0
4643,0
4644,3
4645,0
4646,3
4647,0
4648,0
4649,2
4650,0
4651,0
4652,0
4653,0
4654,0
4655,3
4656,0
4657,0
4658,0
4659,3
4660,0
4661,2
4662,2
4663,0
4664,0
4665,1
4666,1
4667,3
4668,3
4669,0
4670,1
4671,0
4672,1
4673,1
4674,0
4675,0
4676,0
4677,0
4678,3
4679,2
4680,2
4681,0
4682,3
4683,0
4684,1
4685,3
4686,0
4687,1
4688,1
4689,0
4690,1
4691,1
4692,1
4693,0
4694,0
4695,1
4696,3
4697,0
4698,0
4699,1
4700,0
4701,0
4702,3
4703,3
4704,3
4705,0
4706,1
4707,1
4708,1
4709,4
4710,4
4711,4
4712,4
4713,0
4714,0
4715,1
4716,1
4717,1
4718,1
4719,4
4720,1
4721,1
4722,1
4723,3
4724,0
4725,0
4726,0
4727,0
4728,0
4729,0
4730,0
4731,0
4732,1
4733,0
4734,0
4735,2
4736,2
4737,2
4738,2
4739,2
4740,0
4741,1
4742,0
4743,0
4744,1
4745,1
4746,0
4747,3
4748,0
4749,3
4750,0
4751,0
4752,0
4753,1
4754,0
4755,0
4756,0
4757,0
4758,4
4759,4
4760,0
4761,0
4762,1
4763,0
4764,0
4765,1
4766,1
4767,1
4768,0
4769,1
4770,4
4771,1
4772,1
4773,2
4774,0
4775,0
4776,0
4777,1
4778,4
4779,4
4780,1
4781,1
4782,1
4783,2
4784,1
4785,1
4786,1
4787,1
4788,4
4789,4
4790,2
4791,1
4792,4
4793,1
4794,1
4795,4
4796,0
4797,1
4798,0
4799,0
4800,1
4801,0
4802,1
4803,4
4804,0
4805,1
4806,1
4807,1
4808,1
4809,4
4810,4
4811,4
4812,1
4813,1
4814,0
4815,1
4816,1
4817,1
4818,0
4819,3
4820,0
4821,1
4822,0
4823,4
4824,1
4825,0
4826,0
4827,1
4828,4
4829,0
4830,0
4831,0
4832,0
4833,0
4834,0
4835,0
4836,0
4837,0
4838,1
4839,3
4840,3
4841,1
4842,0
4843,0
4844,0
4845,0
4846,4
4847,1
4848,4
4849,1
4850,2
4851,2
4852,1
4853,1
4854,1
4855,4
4856,1
4857,2
4858,0
4859,0
4860,2
4861,0
4862,1
4863,1
4864,4
4865,4
4866,2
4867,1
4868,4
4869,1
4870,0
4871,1
4872,1
4873,1
4874,1
4875,0
4876,1
4877,1
4878,1
4879,0
4880,1
4881,1
4882,1
4883,1
4884,0
4885,0
4886,0
4887,0
4888,1
4889,0
4890,0
4891,0
4892,2
4893,2
4894,1
4895,1
4896,2
4897,1
4898,1
4899,2
4900,2
4901,1
4902,0
4903,0
4904,1
4905,2
4906,1
4907,0
4908,1
4909,0
4910,0
4911,0
4912,0
4913,1
4914,0
4915,0
4916,0
4917,0
4918,0
4919,1
4920,0
4921,0
4922,0
4923,0
4924,2
4925,2
4926,0
4927,2
4928,2
4929,2
4930,2
4931,1
4932,1
4933,1
4934,2
4935,1
4936,2
4937,0
4938,0
4939,0
4940,2
4941,0
4942,4
4943,0
4944,0
4945,0
4946,0
4947,0
4948,0
4949,2
4950,0
4951,0
4952,0
4953,1
4954,2
4955,0
4956,0
4957,0
4958,0
4959,2
4960,0
4961,2
4962,2
4963,2
4964,1
4965,0
4966,2
4967,2
4968,2
4969,0
4970,0
4971,1
4972,0
4973,0
4974,0
4975,0
4976,0
4977,0
4978,0
4979,1
4980,1
4981,1
4982,0
4983,1
4984,1
4985,0
4986,0
4987,0
4988,4
4989,2
4990,2
4991,0
4992,0
4993,0
4994,1
4995,2
4996,1
4997,0
4998,1
4999,0
5000,3
5001,0
5002,4
5003,0
5004,3
5005,3
5006,4
5007,0
5008,0
5009,3
5010,1
5011,0
5012,1
5013,1
5014,1
5015,0
5016,3
5017,2
5018,3
5019,3
5020,0
5021,3
5022,3
5023,1
5024,4
5025,0
5026,1
5027,0
5028,0
5029,0
5030,0
5031,0
5032,0
5033,0
5034,0
5035,2
5036,1
5037,3
5038,2
5039,1
5040,1
5041,1
5042,4
5043,2
5044,2
5045,2
5046,2
5047,2
5048,1
5049,2
5050,1
5051,1
5052,2
5053,2
5054,1
5055,0
5056,0
5057,2
5058,0
5059,0
5060,2
5061,2
5062,0
5063,0
5064,0
5065,0
5066,0
5067,2
5068,0
5069,0
5070,0
5071,0
5072,2
5073,1
5074,1
5075,0
5076,0
5077,0
5078,4
5079,4
5080,3
5081,4
5082,3
5083,0
5084,0
5085,2
5086,1
5087,1
5088,0
5089,2
5090,2
5091,2
5092,0
5093,1
5094,1
5095,1
5096,0
5097,0
5098,4
5099,1
5100,2
5101,2
5102,0
5103,5
5104,3
5105,5
5106,2
5107,2
5108,4
5109,0
5110,0
5111,4
5112,4
5113,1
5114,1
5115,3
5116,5
5117,3
5118,1
5119,5
5120,1
5121,2
5122,1
5123,2
5124,3
5125,0
5126,3
5127,3
5128,3
5129,3
5130,3
5131,3
5132,5
5133,2
5134,1
5135,5
5136,5
5137,1
5138,2
5139,1
5140,2
5141,2
5142,1
5143,2
5144,4
5145,2
5146,2
5147,2
5148,2
5149,2
5150,0
5151,2
5152,2
5153,2
5154,5
5155,3
5156,5
5157,1
5158,5
5159,1
5160,1
5161,1
5162,5
5163,2
5164,1
5165,1
5166,3
5167,0
5168,1
5169,3
5170,3
5171,4
5172,5
5173,3
5174,3
5175,4
5176,4
5177,3
5178,4
5179,3
5180,3
5181,0
5182,2
5183,2
5184,2
5185,2
5186,3
5187,1
5188,2
5189,2
5190,3
5191,0
5192,0
5193,1
5194,0
5195,2
5196,0
5197,1
5198,0
5199,2
5200,2
5201,5
5202,2
5203,0
5204,0
5205,0
5206,0
5207,2
5208,0
5209,1
5210,1
5211,1
5212,1
5213,2
5214,5
5215,2
5216,2
5217,1
5218,5
5219,1
5220,0
5221,1
5222,0
5223,2
5224,5
5225,1
5226,2
5227,1
5228,1
5229,0
5230,5
5231,2
5232,2
5233,1
5234,1
5235,0
5236,5
5237,0
5238,0
5239,1
5240,3
5241,0
5242,4
5243,0
5244,0
5245,1
5246,0
5247,0
5248,0
5249,5
5250,5
5251,1
5252,1
5253,1
5254,1
5255,0
5256,0
5257,4
5258,4
5259,0
5260,1
5261,0
5262,0
5263,1
5264,4
5265,0
5266,1
5267,0
5268,0
5269,1
5270,2
5271,4
5272,5
5273,0
5274,5
5275,1
5276,5
5277,5
5278,5
5279,2
5280,5
5281,4
5282,4
5283,2
5284,4
5285,3
5286,1
5287,3
5288,4
5289,4
5290,1
5291,3
5292,2
5293,4
5294,0
5295,3
5296,0
5297,3
5298,0
5299,2
5300,0
5301,0
5302,0
5303,0
5304,0
5305,0
5306,0
5307,0
5308,0
5309,0
5310,1
5311,0
5312,1
5313,1
5314,0
5315,2
5316,2
5317,2
5318,2
5319,2
5320,2
5321,2
5322,2
5323,0
5324,0
5325,0
5326,0
5327,0
5328,2
5329,2
5330,1
5331,0
5332,0
5333,0
5334,0
5335,1
5336,2
5337,2
5338,0
5339,0
5340,0
5341,2
5342,2
5343,4
5344,4
5345,4
5346,2
5347,0
5348,0
5349,4
5350,2
5351,0
5352,0
5353,2
5354,2
5355,4
5356,2
5357,2
5358,2
5359,0
5360,0
5361,0
5362,0
5363,0
5364,0
5365,0
5366,2
5367,1
5368,0
5369,4
5370,4
5371,0
5372,4
5373,0
5374,4
5375,2
5376,0
5377,0
5378,0
5379,2
5380,0
5381,0
5382,2
5383,2
5384,0
5385,0
5386,0
5387,0
5388,4
5389,4
5390,4
5391,3
5392,2
5393,2
5394,0
5395,0
5396,0
5397,4
5398,3
5399,0
5400,4
5401,0
5402,0
5403,0
5404,2
5405,2
5406,1
5407,4
5408,4
5409,4
5410,0
5411,0
5412,0
5413,0
5414,0
5415,1
5416,4
5417,0
5418,4
5419,1
5420,1
5421,2
5422,2
5423,1
5424,4
5425,1
5426,2
5427,5
5428,2
5429,4
5430,0
5431,1
5432,1
5433,0
5434,4
5435,4
5436,0
5437,4
5438,4
5439,4
5440,0
5441,0
5442,0
5443,0
5444,4
5445,4
5446,4
5447,4
5448,4
5449,4
5450,4
5451,4
5452,1
5453,1
5454,2
5455,0
5456,0
5457,0
5458,0
5459,1
5460,5
5461,2
5462,2
5463,5
5464,5
5465,5
5466,0
5467,1
5468,2
5469,2
5470,2
5471,2
5472,4
5473,4
5474,0
5475,0
5476,0
5477,3
5478,0
5479,0
5480,3
5481,0
5482,2
5483,2
5484,2
5485,0
5486,0
5487,2
5488,3
5489,2
5490,2
5491,5
5492,0
5493,0
5494,1
5495,0
5496,2
5497,2
5498,5
5499,5
5500,0
5501,5
5502,5
5503,2
5504,0
5505,2
5506,0
5507,2
5508,0
5509,0
5510,2
5511,0
5512,0
5513,0
5514,0
5515,5
5516,2
5517,3
5518,5
5519,2
5520,2
5521,4
5522,2
5523,4
5524,4
5525,2
5526,2
5527,2
5528,2
5529,2
5530,2
5531,2
5532,0
5533,2
5534,2
5535,1
5536,3
5537,5
5538,3
5539,1
5540,2
5541,5
5542,5
5543,2
5544,5
5545,2
5546,0
5547,2
5548,0
5549,0
5550,0
5551,1
5552,2
5553,5
5554,5
5555,2
5556,2
5557,0
5558,5
5559,5
5560,2
5561,5
5562,2
5563,2
5564,2
5565,0
5566,0
5567,0
5568,1
5569,3
5570,3
5571,1
5572,1
5573,3
5574,2
5575,1
5576,1
5577,0
5578,2
5579,0
5580,2
5581,2
5582,2
5583,2
5584,2
5585,2
5586,2
5587,4
5588,4
5589,1
5590,3
5591,3
5592,4
5593,3
5594,4
5595,2
5596,0
5597,0
5598,0
5599,1
5600,2
5601,0
5602,5
5603,5
5604,5
5605,5
5606,5
5607,5
5608,5
5609,1
5610,1
5611,1
5612,2
5613,4
5614,4
5615,1
5616,4
5617,2
5618,5
5619,4
5620,5
5621,2
5622,2
5623,2
5624,1
5625,2
5626,1
5627,1
5628,1
5629,2
5630,4
5631,1
5632,2
5633,2
5634,2
5635,1
5636,2
5637,2
5638,2
5639,1
5640,1
5641,5
5642,2
5643,2
5644,4
5645,4
5646,3
5647,3
5648,5
5649,2
5650,2
5651,2
5652,2
5653,2
5654,1
5655,1
5656,2
5657,2
5658,2
5659,5
5660,5
5661,2
5662,5
5663,1
5664,2
5665,1
5666,2
5667,1
5668,1
5669,5
5670,1
5671,1
5672,2
5673,2
5674,2
5675,2
5676,2
5677,1
5678,2
5679,4
5680,1
5681,5
5682,4
5683,5
5684,5
5685,2
5686,2
5687,2
5688,2
5689,2
5690,5
5691,1
5692,2
5693,5
5694,5
5695,5
5696,5
5697,5
5698,5
5699,1
5700,0
5701,1
5702,0
5703,4
5704,0
5705,1
5706,0
5707,0
5708,0
5709,0
5710,0
5711,3
5712,2
5713,4
5714,2
5715,4
5716,2
5717,2
5718,2
5719,1
5720,3
5721,4
5722,3
5723,3
5724,3
5725,2
5726,0
5727,3
5728,0
5729,0
5730,0
5731,0
5732,2
5733,2
5734,0
5735,0
5736,4
5737,4
5738,0
5739,0
5740,2
5741,0
5742,0
5743,3
5744,4
5745,4
5746,3
5747,3
5748,3
5749,0
5750,0
5751,0
5752,2
5753,4
5754,3
5755,0
5756,0
5757,2
5758,2
5759,2
5760,2
5761,2
5762,2
5763,2
5764,2
5765,0
5766,2
5767,0
5768,0
5769,2
5770,2
5771,2
5772,0
5773,4
5774,2
5775,0
5776,0
5777,3
5778,2
5779,1
5780,2
5781,2
5782,2
5783,2
5784,1
5785,0
5786,0
5787,1
5788,1
5789,1
5790,1
5791,1
5792,0
5793,1
5794,0
5795,0
5796,1
5797,1
5798,1
5799,2
5800,2
5801,2
5802,2
5803,2
5804,2
5805,2
5806,2
5807,0
5808,2
5809,0
5810,0
5811,0
5812,5
5813,0
5814,0
5815,0
5816,0
5817,0
5818,2
5819,2
5820,5
5821,2
5822,1
5823,2
5824,5
5825,4
5826,2
5827,2
5828,1
5829,0
5830,2
5831,3
5832,2
5833,1
5834,2
5835,2
5836,2
5837,2
5838,1
5839,1
5840,1
5841,2
5842,2
5843,1
5844,2
5845,1
5846,3
5847,2
5848,2
5849,3
5850,2
5851,2
5852,1
5853,5
5854,5
5855,4
5856,2
5857,1
5858,2
5859,2
5860,2
5861,5
5862,5
5863,5
5864,5
5865,2
5866,1
5867,2
5868,4
5869,1
5870,2
5871,4
5872,4
5873,5
5874,2
5875,4
5876,1
5877,1
5878,3
5879,1
5880,1
5881,1
5882,2
5883,1
5884,1
5885,1
5886,1
5887,1
5888,1
5889,2
5890,1
5891,2
5892,1
5893,1
5894,1
5895,1
5896,2
5897,2
5898,5
5899,5
5900,1
5901,1
5902,1
5903,3
5904,2
5905,2
5906,2
5907,5
5908,3
5909,5
5910,5
5911,5
5912,1
5913,1
5914,4
5915,4
5916,1
5917,1
5918,1
5919,4
5920,1
5921,2
5922,4
5923,4
5924,2
5925,1
5926,1
5927,2
5928,0
5929,0
5930,2
5931,2
5932,1
5933,2
5934,1
5935,0
5936,1
5937,3
5938,1
5939,1
5940,4
5941,4
5942,1
5943,0
5944,3
5945,2
5946,2
5947,2
5948,2
5949,2
5950,0
5951,4
5952,4
5953,4
5954,1
5955,1
5956,4
5957,1
5958,1
5959,4
5960,1
5961,2
5962,1
5963,1
5964,1
5965,1
5966,1
5967,2
5968,1
5969,1
5970,1
5971,1
5972,1
5973,2
5974,1
5975,1
5976,0
5977,1
5978,0
5979,3
5980,2
5981,0
5982,0
5983,0
5984,2
5985,0
5986,0
5987,0
5988,0
5989,1
5990,0
5991,2
5992,2
5993,0
5994,1
5995,0
5996,1
5997,1
5998,1
5999,5
6000,5
