# frame_index,label
0,3
1,2
2,3
3,2
4,2
5,2
6,2
7,2
8,2
9,2
10,1
11,3
12,1
13,1
14,2
15,3
16,2
17,3
18,5
19,4
20,4
21,2
22,1
23,2
24,2
25,2
26,2
27,2
28,2
29,2
30,0
31,2
32,5
33,2
34,3
35,2
36,5
37,2
38,2
39,2
40,5
41,5
42,5
43,1
44,2
45,3
46,3
47,2
48,2
49,2
50,3
51,3
52,3
53,1
54,1
55,1
56,2
57,2
58,5
59,1
60,2
61,2
62,4
63,4
64,2
65,3
66,2
67,2
68,3
69,3
70,2
71,2
72,1
73,1
74,2
75,4
76,4
77,4
78,5
79,5
80,5
81,3
82,5
83,2
84,2
85,4
86,2
87,2
88,1
89,1
90,4
91,2
92,1
93,2
94,2
95,2
96,1
97,2
98,1
99,1
100,0
101,0
102,4
103,3
104,3
105,2
106,2
107,2
108,5
109,5
110,2
111,5
112,2
113,2
114,2
115,2
116,0
117,4
118,4
119,4
120,4
121,4
122,4
123,2
124,2
125,1
126,5
127,5
128,2
129,2
130,4
131,1
132,1
133,2
134,1
135,4
136,5
137,5
138,5
139,5
140,5
141,5
142,1
143,1
144,1
145,5
146,5
147,3
148,2
149,1
150,1
151,5
152,5
153,0
154,0
155,0
156,0
157,5
158,5
159,5
160,5
161,5
162,2
163,0
164,0
165,2
166,5
167,2
168,5
169,0
170,0
171,5
172,0
173,5
174,0
175,5
176,0
177,5
178,4
179,4
180,1
181,4
182,3
183,4
184,3
185,2
186,2
187,2
188,0
189,5
190,5
191,5
192,4
193,0
194,5
195,0
196,0
197,5
198,4
199,4
200,5
201,0
202,5
203,5
204,0
205,0
206,5
207,0
208,0
209,0
210,0
211,0
212,3
213,4
214,2
215,3
216,3
217,5
218,5
219,3
220,4
221,4
222,5
223,3
224,5
225,5
226,0
227,5
228,2
229,5
230,5
231,2
232,4
233,4
234,4
235,4
236,4
237,0
238,5
239,5
240,4
241,1
242,0
243,5
244,0
245,0
246,0
247,4
248,0
249,5
250,5
251,4
252,4
253,4
254,0
255,5
256,0
257,2
258,2
259,4
260,4
261,1
262,1
263,4
264,2
265,2
266,5
267,2
268,1
269,2
270,2
271,2
272,5
273,5
274,5
275,3
276,5
277,5
278,2
279,2
280,5
281,5
282,5
283,5
284,1
285,2
286,1
287,1
288,3
289,4
290,4
291,2
292,3
293,5
294,4
295,4
296,4
297,1
298,4
299,2
300,0
301,4
302,4
303,4
304,4
305,4
306,1
307,5
308,5
309,5
310,4
311,1
312,5
313,5
314,1
315,1
316,4
317,4
318,5
319,2
320,5
321,5
322,5
323,1
324,3
325,5
326,3
327,5
328,3
329,5
330,1
331,3
332,3
333,2
334,0
335,1
336,2
337,3
338,2
339,3
340,2
341,2
342,3
343,0
344,1
345,3
346,5
347,1
348,1
349,1
350,1
351,1
352,1
353,1
354,3
355,3
356,2
357,2
358,4
359,4
360,4
361,4
362,4
363,1
364,2
365,2
366,2
367,5
368,5
369,2
370,2
371,1
372,1
373,2
374,5
375,4
376,4
377,2
378,5
379,5
380,4
381,5
382,5
383,4
384,5
385,4
386,3
387,2
388,2
389,5
390,2
391,5
392,5
393,1
394,1
395,1
396,5
397,2
398,2
399,5
400,1
401,2
402,1
403,2
404,2
405,5
406,2
407,2
408,1
409,4
410,5
411,1
412,1
413,2
414,2
415,2
416,1
417,2
418,5
419,5
420,3
421,1
422,3
423,4
424,0
425,2
426,2
427,2
428,1
429,1
430,1
431,2
432,1
433,1
434,2
435,1
436,5
437,1
438,1
439,5
440,4
441,1
442,2
443,1
444,1
445,1
446,3
447,1
448,5
449,1
450,1
451,5
452,2
453,4
454,1
455,3
456,1
457,3
458,1
459,5
460,1
461,1
462,1
463,1
464,3
465,5
466,5
467,1
468,3
469,0
470,5
471,5
472,5
473,1
474,1
475,0
476,0
477,5
478,5
479,2
480,4
481,1
482,2
483,2
484,4
485,2
486,2
487,2
488,1
489,2
490,4
491,2
492,1
493,4
494,2
495,2
496,5
497,2
498,1
499,4
500,2
501,2
502,4
503,2
504,2
505,2
506,2
507,2
508,2
509,2
510,1
511,2
512,2
513,2
514,2
515,2
516,2
517,2
518,5
519,2
520,2
521,5
522,2
523,1
524,1
525,1
526,3
527,1
528,3
529,3
530,3
531,3
532,2
533,5
534,5
535,1
536,5
537,1
538,1
539,1
540,1
541,2
542,2
543,2
544,2
545,2
546,2
547,1
548,2
549,2
550,1
551,1
552,1
553,1
554,5
555,5
556,1
557,1
558,2
559,1
560,2
561,3
562,1
563,5
564,3
565,1
566,1
567,1
568,1
569,5
570,5
571,1
572,2
573,1
574,1
575,0
576,1
577,5
578,1
579,1
580,1
581,1
582,1
583,2
584,2
585,1
586,1
587,1
588,1
589,1
590,1
591,1
592,0
593,1
594,2
595,1
596,4
597,2
598,1
599,2
600,1
601,0
602,2
603,2
604,1
605,1
606,1
607,1
608,1
609,2
610,1
611,5
612,1
613,1
614,1
615,2
616,1
617,4
618,1
619,4
620,4
621,2
622,2
623,1
624,2
625,5
626,4
627,2
628,2
629,1
630,1
631,2
632,2
633,1
634,1
635,1
636,1
637,5
638,1
639,1
640,1
641,1
642,1
643,1
644,1
645,2
646,4
647,4
648,5
649,1
650,5
651,5
652,2
653,1
654,2
655,4
656,1
657,1
658,5
659,5
660,1
661,5
662,5
663,2
664,1
665,1
666,2
667,1
668,1
669,5
670,2
671,1
672,5
673,1
674,2
675,1
676,1
677,1
678,1
679,1
680,1
681,2
682,2
683,2
684,1
685,1
686,4
687,1
688,4
689,1
690,0
691,1
692,4
693,1
694,2
695,4
696,4
697,5
698,0
699,5
700,2
701,2
702,5
703,5
704,0
705,2
706,0
707,5
708,5
709,0
710,5
711,1
712,2
713,1
714,4
715,4
716,1
717,1
718,1
719,1
720,1
721,1
722,1
723,1
724,5
725,2
726,2
727,5
728,0
729,0
730,0
731,0
732,4
733,2
734,1
735,1
736,1
737,1
738,1
739,0
740,1
741,0
742,0
743,0
744,1
745,2
746,1
747,1
748,1
749,2
750,0
751,2
752,1
753,2
754,1
755,4
756,1
757,1
758,5
759,4
760,2
761,2
762,4
763,4
764,4
765,4
766,5
767,1
768,0
769,1
770,5
771,2
772,2
773,5
774,2
775,2
776,2
777,2
778,2
779,4
780,2
781,2
782,4
783,4
784,4
785,2
786,2
787,2
788,5
789,1
790,4
791,4
792,2
793,1
794,1
795,1
796,1
797,1
798,1
799,1
800,1
801,2
802,4
803,2
804,0
805,2
806,2
807,5
808,4
809,5
810,1
811,1
812,1
813,4
814,5
815,5
816,5
817,5
818,5
819,2
820,2
821,4
822,4
823,2
824,4
825,4
826,4
827,5
828,1
829,3
830,1
831,4
832,4
833,1
834,4
835,4
836,1
837,4
838,3
839,2
840,5
841,1
842,4
843,2
844,2
845,2
846,1
847,1
848,2
849,4
850,1
851,1
852,1
853,1
854,1
855,1
856,5
857,3
858,3
859,5
860,3
861,3
862,3
863,3
864,3
865,3
866,4
867,4
868,4
869,4
870,1
871,1
872,4
873,1
874,2
875,1
876,1
877,1
878,1
879,4
880,1
881,1
882,5
883,2
884,5
885,5
886,1
887,1
888,1
889,2
890,2
891,1
892,2
893,0
894,0
895,2
896,2
897,2
898,2
899,4
900,4
901,2
902,2
903,3
904,2
905,1
906,4
907,1
908,2
909,2
910,4
911,5
912,5
913,2
914,5
915,2
916,5
917,2
918,0
919,2
920,2
921,1
922,1
923,2
924,5
925,1
926,0
927,1
928,0
929,2
930,2
931,2
932,2
933,5
934,4
935,2
936,4
937,1
938,1
939,0
940,0
941,5
942,3
943,0
944,0
945,4
946,4
947,4
948,3
949,2
950,2
951,2
952,2
953,2
954,1
955,0
956,0
957,4
958,3
959,3
960,0
961,0
962,3
963,0
964,3
965,3
966,2
967,2
968,3
969,3
970,2
971,2
972,3
973,2
974,2
975,3
976,3
977,2
978,3
979,3
980,1
981,4
982,3
983,3
984,3
985,4
986,4
987,4
988,4
989,2
990,2
991,2
992,4
993,4
994,2
995,2
996,2
997,2
998,3
999,1
1000,2
1001,2
1002,4
1003,2
1004,2
1005,0
1006,4
1007,4
1008,5
1009,5
1010,3
1011,0
1012,0
1013,0
1014,3
1015,5
1016,3
1017,2
1018,5
1019,4
1020,5
1021,2
1022,4
1023,4
1024,3
1025,5
1026,5
1027,5
1028,5
1029,5
1030,3
1031,4
1032,4
1033,1
1034,5
1035,4
1036,2
1037,2
1038,5
1039,3
1040,3
1041,3
1042,3
1043,3
1044,3
1045,3
1046,3
1047,3
1048,3
1049,5
1050,3
1051,5
1052,3
1053,5
1054,2
1055,5
1056,2
1057,0
1058,2
1059,2
1060,2
1061,2
1062,0
1063,0
1064,4
1065,2
1066,2
1067,0
1068,0
1069,2
1070,2
1071,2
1072,1
1073,2
1074,2
1075,2
1076,3
1077,3
1078,2
1079,2
1080,1
1081,4
1082,3
1083,3
1084,3
1085,3
1086,3
1087,5
1088,5
1089,5
1090,1
1091,5
1092,1
1093,3
1094,2
1095,5
1096,4
1097,2
1098,3
1099,2
1100,2
1101,2
1102,1
1103,1
1104,1
1105,1
1106,2
1107,2
1108,4
1109,3
1110,2
1111,2
1112,2
1113,2
1114,2
1115,1
1116,2
1117,3
1118,3
1119,1
1120,3
1121,3
1122,3
1123,1
1124,3
1125,3
1126,2
1127,5
1128,5
1129,2
1130,2
1131,2
1132,2
1133,2
1134,1
1135,2
1136,2
1137,2
1138,2
1139,2
1140,0
1141,4
1142,0
1143,0
1144,2
1145,0
1146,4
1147,4
1148,2
1149,3
1150,3
1151,3
1152,3
1153,4
1154,0
1155,2
1156,2
1157,2
1158,2
1159,1
1160,2
1161,1
1162,1
1163,2
1164,3
1165,3
1166,2
1167,0
1168,0
1169,2
1170,0
1171,2
1172,0
1173,2
1174,3
1175,3
1176,1
1177,2
1178,2
1179,2
1180,3
1181,3
1182,0
1183,3
1184,0
1185,3
1186,0
1187,0
1188,1
1189,1
1190,2
1191,0
1192,1
1193,1
1194,3
1195,3
1196,1
1197,3
1198,1
1199,1
1200,2
1201,5
1202,5
1203,5
1204,0
1205,4
1206,1
1207,2
1208,2
1209,2
1210,0
1211,1
1212,1
1213,4
1214,1
1215,5
1216,0
1217,1
1218,1
1219,4
1220,4
1221,1
1222,2
1223,1
1224,2
1225,5
1226,4
1227,4
1228,1
1229,2
1230,2
1231,2
1232,4
1233,2
1234,4
1235,1
1236,2
1237,1
1238,0
1239,4
1240,5
1241,5
1242,0
1243,2
1244,1
1245,0
1246,0
1247,0
1248,2
1249,0
1250,2
1251,0
1252,0
1253,0
1254,2
1255,2
1256,2
1257,0
1258,0
1259,0
1260,0
1261,2
1262,0
1263,3
1264,5
1265,5
1266,3
1267,1
1268,1
1269,3
1270,5
1271,2
1272,3
1273,2
1274,2
1275,0
1276,0
1277,2
1278,2
1279,1
1280,0
1281,0
1282,3
1283,3
1284,3
1285,3
1286,4
1287,4
1288,5
1289,5
1290,5
1291,0
1292,3
1293,0
1294,3
1295,5
1296,5
1297,4
1298,4
1299,4
1300,2
1301,2
1302,2
1303,5
1304,2
1305,2
1306,5
1307,5
1308,4
1309,2
1310,0
1311,2
1312,5
1313,5
1314,1
1315,5
1316,2
1317,3
1318,3
1319,3
1320,2
1321,2
1322,2
1323,2
1324,0
1325,2
1326,0
1327,2
1328,2
1329,5
1330,2
1331,2
1332,0
1333,1
1334,1
1335,1
1336,1
1337,2
1338,2
1339,2
1340,2
1341,2
1342,2
1343,2
1344,2
1345,3
1346,3
1347,4
1348,2
1349,2
1350,0
1351,2
1352,1
1353,1
1354,5
1355,0
1356,0
1357,5
1358,5
1359,5
1360,4
1361,3
1362,3
1363,4
1364,1
1365,1
1366,5
1367,4
1368,5
1369,2
1370,5
1371,5
1372,5
1373,5
1374,5
1375,0
1376,4
1377,4
1378,0
1379,0
1380,0
1381,5
1382,5
1383,1
1384,5
1385,5
1386,4
1387,0
1388,0
1389,5
1390,2
1391,5
1392,5
1393,2
1394,2
1395,4
1396,5
1397,1
1398,5
1399,3
1400,4
1401,0
1402,0
1403,4
1404,4
1405,4
1406,5
1407,5
1408,5
1409,0
1410,5
1411,4
1412,5
1413,5
1414,4
1415,4
1416,5
1417,0
1418,0
1419,5
1420,0
1421,0
1422,5
1423,0
1424,5
1425,5
1426,1
1427,1
1428,1
1429,0
1430,4
1431,3
1432,4
1433,4
1434,4
1435,3
1436,0
1437,3
1438,5
1439,0
1440,3
1441,4
1442,3
1443,3
1444,3
1445,3
1446,4
1447,3
1448,3
1449,3
1450,3
1451,5
1452,5
1453,4
1454,4
1455,4
1456,5
1457,5
1458,0
1459,3
1460,1
1461,1
1462,1
1463,4
1464,4
1465,4
1466,4
1467,0
1468,1
1469,0
1470,1
1471,2
1472,4
1473,2
1474,2
1475,2
1476,4
1477,4
1478,4
1479,1
1480,1
1481,1
1482,1
1483,5
1484,1
1485,5
1486,1
1487,1
1488,4
1489,5
1490,5
1491,4
1492,5
1493,5
1494,0
1495,0
1496,4
1497,5
1498,4
1499,4
1500,1
1501,1
1502,4
1503,5
1504,1
1505,1
1506,2
1507,4
1508,5
1509,5
1510,4
1511,4
1512,1
1513,4
1514,1
1515,2
1516,2
1517,2
1518,1
1519,2
1520,3
1521,2
1522,2
1523,0
1524,4
1525,4
1526,0
1527,3
1528,2
1529,3
1530,4
1531,3
1532,2
1533,4
1534,5
1535,2
1536,1
1537,2
1538,5
1539,0
1540,2
1541,4
1542,0
1543,0
1544,1
1545,0
1546,0
1547,0
1548,0
1549,0
1550,0
1551,0
1552,0
1553,0
1554,0
1555,0
1556,0
1557,1
1558,1
1559,1
1560,4
1561,0
1562,2
1563,0
1564,4
1565,4
1566,0
1567,2
1568,0
1569,0
1570,0
1571,0
1572,1
1573,0
1574,4
1575,0
1576,0
1577,2
1578,2
1579,2
1580,0
1581,2
1582,0
1583,1
1584,1
1585,2
1586,2
1587,0
1588,2
1589,0
1590,2
1591,2
1592,1
1593,1
1594,1
1595,0
1596,0
1597,0
1598,2
1599,2
1600,2
1601,2
1602,2
1603,0
1604,0
1605,0
1606,0
1607,0
1608,4
1609,1
1610,2
1611,2
1612,2
1613,2
1614,2
1615,2
1616,4
1617,4
1618,2
1619,1
1620,4
1621,1
1622,5
1623,4
1624,4
1625,1
1626,1
1627,2
1628,2
1629,2
1630,2
1631,2
1632,2
1633,2
1634,5
1635,2
1636,4
1637,2
1638,4
1639,1
1640,2
1641,2
1642,2
1643,2
1644,2
1645,2
1646,2
1647,2
1648,2
1649,2
1650,2
1651,2
1652,2
1653,0
1654,0
1655,2
1656,2
1657,0
1658,2
1659,0
1660,2
1661,2
1662,0
1663,0
1664,3
1665,2
1666,2
1667,2
1668,1
1669,2
1670,3
1671,2
1672,2
1673,2
1674,2
1675,2
1676,0
1677,0
1678,0
1679,4
1680,0
1681,0
1682,0
1683,0
1684,4
1685,2
1686,4
1687,2
1688,5
1689,4
1690,4
1691,4
1692,0
1693,0
1694,0
1695,4
1696,4
1697,4
1698,0
1699,2
1700,4
1701,5
1702,0
1703,2
1704,4
1705,2
1706,2
1707,2
1708,4
1709,2
1710,4
1711,5
1712,5
1713,0
1714,5
1715,5
1716,0
1717,0
1718,2
1719,4
1720,4
1721,1
1722,0
1723,2
1724,2
1725,4
1726,5
1727,4
1728,2
1729,2
1730,5
1731,4
1732,5
1733,5
1734,5
1735,5
1736,4
1737,5
1738,5
1739,5
1740,5
1741,1
1742,1
1743,5
1744,0
1745,4
1746,0
1747,2
1748,2
1749,3
1750,5
1751,3
1752,2
1753,3
1754,0
1755,0
1756,0
1757,2
1758,3
1759,3
1760,0
1761,2
1762,2
1763,2
1764,2
1765,2
1766,4
1767,2
1768,4
1769,4
1770,2
1771,0
1772,2
1773,0
1774,0
1775,0
1776,0
1777,0
1778,1
1779,0
1780,0
1781,1
1782,5
1783,5
1784,1
1785,1
1786,2
1787,5
1788,4
1789,2
1790,2
1791,0
1792,0
1793,2
1794,2
1795,1
1796,4
1797,4
1798,0
1799,3
1800,3
1801,2
1802,2
1803,0
1804,0
1805,0
1806,2
1807,0
1808,3
1809,2
1810,5
1811,3
1812,3
1813,2
1814,2
1815,1
1816,1
1817,2
1818,2
1819,0
1820,2
1821,4
1822,2
1823,5
1824,0
1825,0
1826,5
1827,1
1828,5
1829,0
1830,2
1831,0
1832,5
1833,5
1834,0
1835,5
1836,2
1837,4
1838,5
1839,2
1840,4
1841,5
1842,5
1843,5
1844,3
1845,3
1846,2
1847,2
1848,2
1849,2
1850,2
1851,2
1852,2
1853,1
1854,1
1855,5
1856,5
1857,3
1858,5
1859,3
1860,2
1861,4
1862,4
1863,4
1864,5
1865,5
1866,4
1867,4
1868,4
1869,2
1870,5
1871,5
1872,4
1873,0
1874,4
1875,4
1876,3
1877,0
1878,3
1879,0
1880,3
1881,0
1882,5
1883,5
1884,4
1885,4
1886,4
1887,0
1888,0
1889,4
1890,0
1891,5
1892,2
1893,0
1894,5
1895,5
1896,0
1897,5
1898,5
1899,5
1900,0
1901,0
1902,0
1903,2
1904,0
1905,0
1906,0
1907,0
1908,3
1909,0
1910,2
1911,2
1912,2
1913,2
1914,5
1915,2
1916,0
1917,0
1918,5
1919,2
1920,0
1921,0
1922,0
1923,2
1924,2
1925,0
1926,0
1927,0
1928,0
1929,3
1930,3
1931,3
1932,4
1933,2
1934,5
1935,3
1936,4
1937,0
1938,0
1939,0
1940,0
1941,0
1942,2
1943,1
1944,0
1945,0
1946,0
1947,0
1948,3
1949,0
1950,0
1951,0
1952,0
1953,0
1954,0
1955,0
1956,0
1957,0
1958,3
1959,0
1960,2
1961,3
1962,2
1963,3
1964,2
1965,2
1966,2
1967,3
1968,0
1969,2
1970,1
1971,3
1972,3
1973,3
1974,3
1975,2
1976,0
1977,2
1978,0
1979,0
1980,1
1981,1
1982,2
1983,0
1984,0
1985,0
1986,2
1987,2
1988,0
1989,2
1990,2
1991,2
1992,2
1993,2
1994,2
1995,2
1996,0
1997,0
1998,0
1999,2
2000,0
2001,3
2002,0
2003,0
2004,5
2005,2
2006,5
2007,2
2008,1
2009,1
2010,1
2011,2
2012,0
2013,2
2014,5
2015,0
2016,1
2017,5
2018,0
2019,2
2020,0
2021,2
2022,5
2023,0
2024,0
2025,5
2026,0
2027,0
2028,0
2029,2
2030,2
2031,3
2032,3
2033,0
2034,5
2035,5
2036,5
2037,1
2038,5
2039,0
2040,3
2041,5
2042,2
2043,1
2044,1
2045,1
2046,1
2047,1
2048,1
2049,1
2050,0
2051,1
2052,5
2053,5
2054,2
2055,2
2056,2
2057,5
2058,5
2059,5
2060,5
2061,5
2062,0
2063,4
2064,0
2065,0
2066,3
2067,3
2068,0
2069,0
2070,0
2071,0
2072,0
2073,0
2074,2
2075,2
2076,2
2077,2
2078,2
2079,0
2080,2
2081,2
2082,2
2083,2
2084,0
2085,4
2086,2
2087,2
2088,3
2089,4
2090,0
2091,4
2092,0
2093,2
2094,0
2095,3
2096,3
2097,0
2098,3
2099,3
2100,1
2101,3
2102,0
2103,1
2104,1
2105,1
2106,3
2107,0
2108,2
2109,4
2110,2
2111,4
2112,4
2113,1
2114,2
2115,2
2116,0
2117,0
2118,0
2119,0
2120,4
2121,0
2122,0
2123,0
2124,0
2125,3
2126,5
2127,0
2128,0
2129,0
2130,4
2131,5
2132,2
2133,0
2134,2
2135,5
2136,5
2137,0
2138,0
2139,0
2140,0
2141,0
2142,0
2143,0
2144,0
2145,1
2146,0
2147,0
2148,0
2149,3
2150,0
2151,5
2152,5
2153,0
2154,0
2155,0
2156,5
2157,0
2158,0
2159,0
2160,0
2161,0
2162,2
2163,0
2164,5
2165,5
2166,5
2167,0
2168,1
2169,5
2170,3
2171,5
2172,0
2173,3
2174,3
2175,0
2176,0
2177,0
2178,0
2179,0
2180,0
2181,0
2182,5
2183,2
2184,0
2185,0
2186,0
2187,5
2188,5
2189,5
2190,2
2191,5
2192,2
2193,3
2194,0
2195,0
2196,0
2197,3
2198,3
2199,2
2200,3
2201,5
2202,2
2203,5
2204,3
2205,5
2206,5
2207,0
2208,0
2209,0
2210,0
2211,0
2212,5
2213,5
2214,5
2215,5
2216,0
2217,5
2218,0
2219,5
2220,5
2221,2
2222,2
2223,2
2224,0
2225,1
2226,5
2227,1
2228,0
2229,2
2230,5
2231,5
2232,5
2233,1
2234,1
2235,5
2236,5
2237,0
2238,0
2239,5
2240,5
2241,5
2242,3
2243,5
2244,1
2245,3
2246,1
2247,5
2248,3
2249,3
2250,2
2251,2
2252,1
2253,2
2254,1
2255,1
2256,3
2257,0
2258,3
2259,0
2260,1
2261,0
2262,2
2263,0
2264,2
2265,2
2266,0
2267,0
2268,0
2269,2
2270,2
2271,0
2272,3
2273,3
2274,3
2275,1
2276,5
2277,5
2278,2
2279,1
2280,5
2281,5
2282,2
2283,2
2284,0
2285,2
2286,2
2287,2
2288,1
2289,2
2290,2
2291,3
2292,3
2293,3
2294,0
2295,2
2296,2
2297,5
2298,2
2299,2
2300,0
2301,0
2302,0
2303,0
2304,1
2305,2
2306,2
2307,2
2308,2
2309,2
2310,2
2311,4
2312,2
2313,2
2314,2
2315,5
2316,5
2317,3
2318,2
2319,1
2320,2
2321,1
2322,1
2323,1
2324,2
2325,2
2326,0
2327,1
2328,5
2329,1
2330,2
2331,1
2332,2
2333,1
2334,1
2335,2
2336,2
2337,0
2338,1
2339,5
2340,5
2341,5
2342,5
2343,5
2344,5
2345,1
2346,1
2347,1
2348,2
2349,1
2350,0
2351,0
2352,1
2353,0
2354,5
2355,5
2356,1
2357,0
2358,5
2359,1
2360,0
2361,3
2362,3
2363,1
2364,1
2365,0
2366,1
2367,1
2368,0
2369,0
2370,0
2371,0
2372,0
2373,2
2374,2
2375,5
2376,1
2377,2
2378,2
2379,0
2380,5
2381,4
2382,4
2383,1
2384,4
2385,0
2386,4
2387,4
2388,5
2389,5
2390,0
2391,2
2392,2
2393,5
2394,3
2395,5
2396,5
2397,5
2398,5
2399,0
2400,2
2401,5
2402,1
2403,0
2404,1
2405,5
2406,5
2407,0
2408,1
2409,1
2410,5
2411,1
2412,5
2413,2
2414,2
2415,2
2416,1
2417,1
2418,1
2419,4
2420,4
2421,2
2422,2
2423,2
2424,2
2425,0
2426,2
2427,3
2428,0
2429,4
2430,3
2431,0
2432,3
2433,5
2434,2
2435,5
2436,4
2437,4
2438,3
2439,2
2440,3
2441,3
2442,0
2443,0
2444,2
2445,2
2446,4
2447,2
2448,0
2449,4
2450,4
2451,0
2452,4
2453,0
2454,4
2455,2
2456,4
2457,1
2458,1
2459,0
2460,0
2461,2
2462,3
2463,3
2464,2
2465,4
2466,4
2467,2
2468,2
2469,2
2470,2
2471,2
2472,1
2473,0
2474,0
2475,2
2476,3
2477,3
2478,2
2479,2
2480,3
2481,4
2482,5
2483,3
2484,2
2485,3
2486,2
2487,2
2488,3
2489,2
2490,1
2491,2
2492,1
2493,0
2494,0
2495,1
2496,1
2497,2
2498,2
2499,1
2500,5
2501,5
2502,0
2503,0
2504,2
2505,2
2506,2
2507,0
2508,2
2509,2
2510,2
2511,0
2512,5
2513,2
2514,1
2515,2
2516,2
2517,1
2518,3
2519,0
2520,2
2521,0
2522,1
2523,2
2524,3
2525,2
2526,3
2527,2
2528,2
2529,0
2530,2
2531,0
2532,1
2533,3
2534,4
2535,0
2536,4
2537,0
2538,0
2539,0
2540,5
2541,0
2542,5
2543,0
2544,1
2545,1
2546,0
2547,0
2548,2
2549,1
2550,1
2551,1
2552,1
2553,1
2554,1
2555,5
2556,5
2557,5
2558,1
2559,1
2560,1
2561,1
2562,0
2563,5
2564,1
2565,5
2566,5
2567,5
2568,5
2569,5
2570,5
2571,5
2572,4
2573,5
2574,5
2575,2
2576,5
2577,5
2578,5
2579,5
2580,5
2581,0
2582,4
2583,5
2584,4
2585,1
2586,4
2587,4
2588,3
2589,1
2590,1
2591,5
2592,4
2593,5
2594,4
2595,4
2596,5
2597,5
2598,4
2599,0
2600,0
2601,0
2602,4
2603,4
2604,4
2605,0
2606,3
2607,0
2608,5
2609,5
2610,0
2611,5
2612,5
2613,5
2614,5
2615,5
2616,0
2617,5
2618,0
2619,0
2620,5
2621,0
2622,5
2623,0
2624,4
2625,4
2626,0
2627,0
2628,0
2629,0
2630,0
2631,0
2632,0
2633,0
2634,0
2635,3
2636,3
2637,4
2638,4
2639,0
2640,0
2641,2
2642,5
2643,5
2644,0
2645,0
2646,0
2647,0
2648,5
2649,0
2650,5
2651,0
2652,5
2653,0
2654,1
2655,1
2656,5
2657,3
2658,2
2659,3
2660,0
2661,0
2662,0
2663,0
2664,3
2665,5
2666,0
2667,5
2668,5
2669,0
2670,0
2671,0
2672,4
2673,4
2674,4
2675,3
2676,3
2677,3
2678,4
2679,0
2680,3
2681,5
2682,3
2683,5
2684,5
2685,5
2686,5
2687,2
2688,2
2689,5
2690,0
2691,0
2692,5
2693,5
2694,5
2695,1
2696,5
2697,5
2698,0
2699,5
2700,0
2701,0
2702,0
2703,2
2704,3
2705,2
2706,1
2707,3
2708,3
2709,2
2710,5
2711,3
2712,5
2713,4
2714,5
2715,3
2716,3
2717,1
2718,0
2719,1
2720,1
2721,1
2722,0
2723,0
2724,5
2725,5
2726,1
2727,5
2728,5
2729,3
2730,3
2731,0
2732,0
2733,3
2734,0
2735,5
2736,3
2737,5
2738,0
2739,0
2740,5
2741,5
2742,5
2743,5
2744,5
2745,5
2746,5
2747,0
2748,0
2749,4
2750,4
2751,4
2752,4
2753,0
2754,5
2755,0
2756,0
2757,5
2758,0
2759,5
2760,5
2761,5
2762,5
2763,5
2764,3
2765,4
2766,0
2767,0
2768,1
2769,0
2770,0
2771,3
2772,4
2773,0
2774,4
2775,4
2776,0
2777,0
2778,4
2779,0
2780,0
2781,5
2782,0
2783,3
2784,3
2785,0
2786,0
2787,0
2788,0
2789,0
2790,4
2791,0
2792,0
2793,0
2794,5
2795,0
2796,0
2797,0
2798,0
2799,3
2800,3
2801,2
2802,2
2803,3
2804,0
2805,0
2806,0
2807,0
2808,5
2809,0
2810,0
2811,0
2812,3
2813,0
2814,0
2815,0
2816,4
2817,0
2818,4
2819,4
2820,0
2821,4
2822,0
2823,0
2824,4
2825,4
2826,4
2827,4
2828,1
2829,1
2830,3
2831,1
2832,1
2833,3
2834,3
2835,1
2836,3
2837,3
2838,3
2839,0
2840,1
2841,0
2842,1
2843,1
2844,2
2845,2
2846,2
2847,0
2848,0
2849,0
2850,0
2851,3
2852,3
2853,0
2854,0
2855,0
2856,0
2857,0
2858,0
2859,0
2860,0
2861,0
2862,0
2863,0
2864,0
2865,0
2866,0
2867,0
2868,4
2869,2
2870,4
2871,0
2872,4
2873,0
2874,0
2875,0
2876,1
2877,0
2878,4
2879,4
2880,0
2881,0
2882,0
2883,0
2884,0
2885,0
2886,4
2887,3
2888,0
2889,0
2890,3
2891,0
2892,2
2893,3
2894,2
2895,3
2896,0
2897,0
2898,0
2899,0
2900,3
2901,0
2902,4
2903,0
2904,0
2905,2
2906,5
2907,2
2908,0
2909,0
2910,0
2911,4
2912,0
2913,1
2914,0
2915,3
2916,0
2917,2
2918,4
2919,4
2920,0
2921,0
2922,2
2923,2
2924,0
2925,2
2926,2
2927,2
2928,0
2929,0
2930,0
2931,1
2932,2
2933,5
2934,4
2935,4
2936,5
2937,5
2938,4
2939,4
2940,5
2941,3
2942,2
2943,0
2944,4
2945,0
2946,0
2947,0
2948,0
2949,0
2950,1
2951,5
2952,1
2953,1
2954,1
2955,0
2956,1
2957,5
2958,0
2959,0
2960,0
2961,3
2962,5
2963,0
2964,4
2965,5
2966,0
2967,5
2968,0
2969,0
2970,5
2971,0
2972,3
2973,3
2974,0
2975,0
2976,2
2977,1
2978,4
2979,2
2980,4
2981,2
2982,5
2983,5
2984,2
2985,1
2986,5
2987,2
2988,4
2989,3
2990,1
2991,0
2992,0
2993,3
2994,0
2995,1
2996,1
2997,0
2998,4
2999,0
3000,2
3001,4
3002,4
3003,0
3004,0
3005,0
3006,2
3007,4
3008,4
3009,3
3010,1
3011,0
3012,0
3013,5
3014,2
3015,3
3016,2
3017,2
3018,2
3019,5
3020,5
3021,5
3022,4
3023,4
3024,5
3025,4
3026,4
3027,1
3028,1
3029,4
3030,4
3031,4
3032,3
3033,3
3034,5
3035,3
3036,3
3037,5
3038,5
3039,3
3040,5
3041,1
3042,5
3043,5
3044,1
3045,5
3046,5
3047,5
3048,5
3049,5
3050,5
3051,5
3052,5
3053,5
3054,5
3055,2
3056,1
3057,1
3058,4
3059,5
3060,5
3061,5
3062,2
3063,3
3064,5
3065,5
3066,1
3067,1
3068,5
3069,5
3070,5
3071,3
3072,1
3073,3
3074,1
3075,1
3076,1
3077,2
3078,3
3079,2
3080,5
3081,5
3082,5
3083,5
3084,5
3085,5
3086,5
3087,2
3088,2
3089,2
3090,2
3091,2
3092,2
3093,3
3094,3
3095,2
3096,1
3097,5
3098,5
3099,1
3100,5
3101,1
3102,5
3103,5
3104,5
3105,5
3106,2
3107,1
3108,5
3109,1
3110,1
3111,5
3112,5
3113,5
3114,5
3115,5
3116,2
3117,2
3118,5
3119,5
3120,3
3121,5
3122,5
3123,5
3124,5
3125,5
3126,5
3127,2
3128,5
3129,5
3130,5
3131,5
3132,5
3133,5
3134,2
3135,2
3136,5
3137,5
3138,5
3139,5
3140,5
3141,2
3142,1
3143,5
3144,5
3145,1
3146,4
3147,1
3148,2
3149,3
3150,3
3151,3
3152,3
3153,2
3154,5
3155,2
3156,2
3157,4
3158,1
3159,2
3160,2
3161,4
3162,3
3163,4
3164,4
3165,3
3166,5
3167,5
3168,3
3169,5
3170,5
3171,3
3172,2
3173,2
3174,3
3175,3
3176,5
3177,5
3178,2
3179,2
3180,3
3181,3
3182,5
3183,5
3184,2
3185,2
3186,1
3187,2
3188,2
3189,5
3190,5
3191,2
3192,0
3193,5
3194,0
3195,0
3196,1
3197,5
3198,2
3199,2
3200,5
3201,5
3202,5
3203,2
3204,2
3205,2
3206,2
3207,5
3208,2
3209,2
3210,4
3211,5
3212,5
3213,1
3214,2
3215,5
3216,4
3217,5
3218,5
3219,5
3220,2
3221,2
3222,0
3223,2
3224,4
3225,4
3226,4
3227,4
3228,3
3229,5
3230,5
3231,5
3232,5
3233,4
3234,4
3235,4
3236,4
3237,5
3238,5
3239,3
3240,5
3241,5
3242,2
3243,5
3244,5
3245,5
3246,2
3247,1
3248,5
3249,5
3250,2
3251,5
3252,2
3253,2
3254,2
3255,5
3256,5
3257,5
3258,1
3259,2
3260,3
3261,5
3262,5
3263,3
3264,5
3265,1
3266,2
3267,1
3268,5
3269,5
3270,5
3271,5
3272,2
3273,2
3274,5
3275,2
3276,5
3277,2
3278,1
3279,1
3280,4
3281,4
3282,1
3283,1
3284,2
3285,2
3286,5
3287,3
3288,1
3289,2
3290,5
3291,5
3292,1
3293,5
3294,5
3295,5
3296,5
3297,1
3298,2
3299,1
3300,1
3301,2
3302,5
3303,2
3304,5
3305,2
3306,3
3307,2
3308,1
3309,1
3310,0
3311,1
3312,1
3313,0
3314,5
3315,0
3316,1
3317,1
3318,3
3319,3
3320,2
3321,2
3322,2
3323,2
3324,2
3325,0
3326,3
3327,1
3328,0
3329,2
3330,1
3331,1
3332,5
3333,1
3334,1
3335,1
3336,1
3337,1
3338,0
3339,5
3340,0
3341,2
3342,1
3343,2
3344,5
3345,5
3346,2
3347,2
3348,1
3349,5
3350,5
3351,5
3352,1
3353,2
3354,2
3355,1
3356,1
3357,0
3358,5
3359,0
3360,0
3361,5
3362,2
3363,1
3364,1
3365,4
3366,4
3367,1
3368,4
3369,2
3370,5
3371,2
3372,5
3373,2
3374,2
3375,1
3376,2
3377,2
3378,2
3379,2
3380,2
3381,2
3382,2
3383,2
3384,5
3385,5
3386,1
3387,5
3388,1
3389,5
3390,1
3391,1
3392,1
3393,1
3394,1
3395,1
3396,1
3397,1
3398,1
3399,1
3400,1
3401,1
3402,1
3403,1
3404,5
3405,0
3406,5
3407,5
3408,5
3409,5
3410,2
3411,1
3412,1
3413,1
3414,1
3415,1
3416,5
3417,1
3418,1
3419,1
3420,1
3421,1
3422,2
3423,1
3424,1
3425,2
3426,1
3427,1
3428,1
3429,1
3430,1
3431,2
3432,1
3433,1
3434,1
3435,1
3436,4
3437,4
3438,4
3439,5
3440,1
3441,4
3442,5
3443,0
3444,0
3445,1
3446,1
3447,1
3448,2
3449,1
3450,1
3451,1
3452,1
3453,1
3454,1
3455,1
3456,1
3457,1
3458,0
3459,4
3460,3
3461,0
3462,0
3463,0
3464,0
3465,4
3466,0
3467,0
3468,4
3469,4
3470,0
3471,1
3472,1
3473,1
3474,1
3475,1
3476,1
3477,1
3478,1
3479,1
3480,5
3481,5
3482,1
3483,1
3484,4
3485,2
3486,2
3487,2
3488,2
3489,0
3490,5
3491,5
3492,1
3493,2
3494,1
3495,1
3496,1
3497,1
3498,4
3499,2
3500,4
3501,2
3502,1
3503,1
3504,1
3505,1
3506,1
3507,1
3508,1
3509,4
3510,3
3511,1
3512,1
3513,1
3514,1
3515,1
3516,1
3517,5
3518,1
3519,1
3520,0
3521,5
3522,3
3523,3
3524,0
3525,3
3526,5
3527,1
3528,0
3529,2
3530,2
3531,5
3532,1
3533,4
3534,4
3535,4
3536,3
3537,2
3538,3
3539,4
3540,4
3541,4
3542,1
3543,1
3544,1
3545,1
3546,1
3547,2
3548,2
3549,2
3550,3
3551,3
3552,4
3553,4
3554,3
3555,2
3556,3
3557,1
3558,1
3559,1
3560,1
3561,3
3562,2
3563,0
3564,4
3565,4
3566,3
3567,4
3568,4
3569,2
3570,4
3571,4
3572,4
3573,2
3574,1
3575,1
3576,1
3577,3
3578,3
3579,2
3580,1
3581,3
3582,0
3583,0
3584,3
3585,3
3586,0
3587,0
3588,2
3589,5
3590,5
3591,0
3592,5
3593,2
3594,0
3595,1
3596,1
3597,0
3598,3
3599,3
3600,5
3601,4
3602,2
3603,0
3604,5
3605,1
3606,1
3607,5
3608,1
3609,4
3610,1
3611,1
3612,2
3613,4
3614,0
3615,4
3616,4
3617,5
3618,3
3619,1
3620,5
3621,3
3622,2
3623,2
3624,0
3625,0
3626,0
3627,2
3628,2
3629,2
3630,2
3631,0
3632,0
3633,0
3634,2
3635,0
3636,3
3637,3
3638,1
3639,4
3640,1
3641,1
3642,1
3643,1
3644,3
3645,4
3646,4
3647,0
3648,0
3649,1
3650,3
3651,0
3652,3
3653,3
3654,1
3655,1
3656,5
3657,3
3658,1
3659,1
3660,0
3661,1
3662,5
3663,1
3664,2
3665,2
3666,2
3667,0
3668,0
3669,5
3670,0
3671,5
3672,0
3673,5
3674,1
3675,5
3676,4
3677,0
3678,1
3679,0
3680,4
3681,0
3682,2
3683,4
3684,1
3685,5
3686,0
3687,3
3688,3
3689,1
3690,1
3691,3
3692,1
3693,1
3694,1
3695,1
3696,2
3697,5
3698,1
3699,1
3700,5
3701,2
3702,5
3703,4
3704,3
3705,2
3706,0
3707,1
3708,2
3709,3
3710,3
3711,2
3712,2
3713,5
3714,2
3715,2
3716,4
3717,2
3718,2
3719,4
3720,2
3721,2
3722,4
3723,2
3724,3
3725,3
3726,3
3727,3
3728,3
3729,3
3730,3
3731,3
3732,4
3733,5
3734,4
3735,4
3736,4
3737,2
3738,2
3739,5
3740,5
3741,4
3742,4
3743,2
3744,3
3745,1
3746,1
3747,1
3748,1
3749,1
3750,1
3751,1
3752,4
3753,2
3754,2
3755,2
3756,2
3757,4
3758,5
3759,5
3760,1
3761,5
3762,0
3763,3
3764,3
3765,4
3766,5
3767,2
3768,4
3769,4
3770,4
3771,4
3772,2
3773,2
3774,4
3775,5
3776,4
3777,4
3778,4
3779,2
3780,2
3781,5
3782,5
3783,2
3784,5
3785,5
3786,5
3787,5
3788,1
3789,1
3790,1
3791,2
3792,1
3793,1
3794,2
3795,5
3796,5
3797,5
3798,2
3799,0
3800,5
3801,0
3802,0
3803,5
3804,4
3805,4
3806,4
3807,1
3808,2
3809,2
3810,2
3811,2
3812,2
3813,2
3814,0
3815,0
3816,2
3817,2
3818,0
3819,5
3820,0
3821,2
3822,2
3823,5
3824,0
3825,1
3826,1
3827,1
3828,0
3829,1
3830,0
3831,0
3832,2
3833,2
3834,2
3835,1
3836,0
3837,1
3838,5
3839,5
3840,1
3841,5
3842,4
3843,5
3844,4
3845,2
3846,2
3847,1
3848,1
3849,2
3850,4
3851,1
3852,5
3853,5
3854,2
3855,1
3856,1
3857,2
3858,4
3859,4
3860,2
3861,0
3862,4
3863,0
3864,0
3865,0
3866,2
3867,0
3868,4
3869,2
3870,0
3871,4
3872,0
3873,2
3874,4
3875,2
3876,4
3877,4
3878,4
3879,4
3880,4
3881,0
3882,2
3883,2
3884,2
3885,2
3886,0
3887,0
3888,4
3889,0
3890,0
3891,0
3892,2
3893,0
3894,2
3895,2
3896,5
3897,2
3898,5
3899,5
3900,1
3901,0
3902,0
3903,0
3904,2
3905,2
3906,5
3907,5
3908,2
3909,5
3910,5
3911,4
3912,1
3913,5
3914,5
3915,2
3916,2
3917,2
3918,2
3919,4
3920,4
3921,5
3922,5
3923,5
3924,0
3925,5
3926,4
3927,4
3928,0
3929,2
3930,4
3931,5
3932,5
3933,0
3934,0
3935,0
3936,5
3937,0
3938,0
3939,5
3940,3
3941,0
3942,1
3943,5
3944,2
3945,2
3946,5
3947,5
3948,0
3949,0
3950,5
3951,5
3952,5
3953,5
3954,5
3955,5
3956,5
3957,5
3958,3
3959,5
3960,2
3961,2
3962,5
3963,5
3964,5
3965,1
3966,5
3967,5
3968,5
3969,4
3970,0
3971,4
3972,4
3973,4
3974,1
3975,1
3976,2
3977,0
3978,2
3979,1
3980,1
3981,2
3982,2
3983,2
3984,5
3985,2
3986,5
3987,2
3988,2
3989,0
3990,2
3991,2
3992,5
3993,0
3994,5
3995,2
3996,2
3997,5
3998,5
3999,5
4000,1
4001,1
4002,2
4003,5
4004,2
4005,1
4006,2
4007,1
4008,5
4009,5
4010,1
4011,4
4012,5
4013,5
4014,5
4015,5
4016,5
4017,5
4018,5
4019,1
4020,1
4021,2
4022,2
4023,2
4024,5
4025,4
4026,5
4027,5
4028,5
4029,5
4030,5
4031,0
4032,5
4033,2
4034,2
4035,2
4036,5
4037,1
4038,1
4039,1
4040,1
4041,2
4042,2
4043,5
4044,5
4045,2
4046,5
4047,1
4048,5
4049,1
4050,2
4051,5
4052,2
4053,1
4054,1
4055,1
4056,1
4057,5
4058,1
4059,5
4060,2
4061,5
4062,3
4063,3
4064,3
4065,4
4066,1
4067,2
4068,1
4069,2
4070,5
4071,1
4072,2
4073,5
4074,2
4075,5
4076,1
4077,4
4078,1
4079,1
4080,2
4081,1
4082,5
4083,1
4084,2
4085,2
4086,2
4087,1
4088,1
4089,1
4090,3
4091,3
4092,5
4093,1
4094,1
4095,2
4096,2
4097,2
4098,2
4099,1
4100,2
4101,5
4102,2
4103,4
4104,4
4105,4
4106,4
4107,4
4108,4
4109,5
4110,3
4111,0
4112,0
4113,4
4114,4
4115,3
4116,0
4117,0
4118,4
4119,4
4120,1
4121,2
4122,4
4123,5
4124,0
4125,0
4126,4
4127,1
4128,1
4129,1
4130,4
4131,5
4132,0
4133,0
4134,0
4135,0
4136,0
4137,0
4138,2
4139,2
4140,0
4141,4
4142,4
4143,4
4144,4
4145,4
4146,0
4147,4
4148,0
4149,2
4150,2
4151,1
4152,1
4153,2
4154,2
4155,2
4156,2
4157,2
4158,2
4159,2
4160,2
4161,2
4162,4
4163,2
4164,4
4165,4
4166,4
4167,4
4168,4
4169,4
4170,4
4171,2
4172,2
4173,2
4174,2
4175,4
4176,1
4177,0
4178,2
4179,2
4180,4
4181,4
4182,2
4183,2
4184,1
4185,4
4186,2
4187,2
4188,4
4189,2
4190,2
4191,4
4192,2
4193,4
4194,4
4195,2
4196,2
4197,0
4198,4
4199,2
4200,4
4201,2
4202,4
4203,4
4204,4
4205,2
4206,4
4207,4
4208,4
4209,2
4210,5
4211,2
4212,0
4213,2
4214,0
4215,2
4216,4
4217,0
4218,4
4219,4
4220,4
4221,5
4222,0
4223,1
4224,0
4225,0
4226,0
4227,4
4228,4
4229,4
4230,2
4231,2
4232,3
4233,2
4234,2
4235,4
4236,4
4237,4
4238,4
4239,4
4240,0
4241,0
4242,0
4243,2
4244,4
4245,4
4246,4
4247,4
4248,4
4249,4
4250,5
4251,4
4252,0
4253,0
4254,0
4255,4
4256,5
4257,4
4258,4
4259,5
4260,5
4261,1
4262,4
4263,4
4264,0
4265,4
4266,4
4267,4
4268,4
4269,0
4270,0
4271,0
4272,0
4273,4
4274,4
4275,5
4276,1
4277,5
4278,5
4279,1
4280,0
4281,4
4282,4
4283,4
4284,0
4285,0
4286,4
4287,4
4288,0
4289,0
4290,4
4291,4
4292,4
4293,4
4294,5
4295,5
4296,4
4297,0
4298,0
4299,5
4300,5
4301,4
4302,1
4303,1
4304,2
4305,1
4306,2
4307,1
4308,2
4309,4
4310,0
4311,1
4312,1
4313,1
4314,4
4315,1
4316,4
4317,5
4318,2
4319,5
4320,5
4321,1
4322,1
4323,2
4324,2
4325,4
4326,1
4327,4
4328,4
4329,2
4330,2
4331,1
4332,2
4333,2
4334,4
4335,4
4336,4
4337,4
4338,4
4339,2
4340,2
4341,2
4342,2
4343,2
4344,0
4345,2
4346,2
4347,1
4348,1
4349,0
4350,0
4351,2
4352,0
4353,4
4354,0
4355,4
4356,4
4357,2
4358,4
4359,4
4360,3
4361,2
4362,2
4363,2
4364,0
4365,0
4366,1
4367,1
4368,1
4369,2
4370,4
4371,1
4372,2
4373,2
4374,1
4375,4
4376,4
4377,4
4378,5
4379,4
4380,5
4381,5
4382,5
4383,2
4384,4
4385,4
4386,2
4387,1
4388,1
4389,0
4390,1
4391,2
4392,1
4393,1
4394,4
4395,1
4396,4
4397,1
4398,5
4399,4
4400,4
4401,5
4402,5
4403,2
4404,4
4405,1
4406,4
4407,4
4408,0
4409,4
4410,4
4411,2
4412,0
4413,2
4414,1
4415,0
4416,2
4417,4
4418,5
4419,5
4420,2
4421,2
4422,0
4423,5
4424,2
4425,5
4426,4
4427,5
4428,5
4429,5
4430,4
4431,2
4432,4
4433,2
4434,2
4435,2
4436,2
4437,4
4438,2
4439,2
4440,2
4441,0
4442,2
4443,1
4444,2
4445,1
4446,1
4447,4
4448,4
4449,4
4450,4
4451,4
4452,4
4453,4
4454,1
4455,4
4456,4
4457,1
4458,4
4459,2
4460,5
4461,1
4462,3
4463,5
4464,5
4465,5
4466,5
4467,1
4468,5
4469,1
4470,0
4471,5
4472,1
4473,5
4474,5
4475,0
4476,1
4477,1
4478,5
4479,2
4480,1
4481,1
4482,1
4483,0
4484,1
4485,4
4486,1
4487,1
4488,1
4489,2
4490,0
4491,0
4492,2
4493,2
4494,1
4495,0
4496,2
4497,2
4498,2
4499,2
4500,0
4501,0
4502,4
4503,0
4504,0
4505,4
4506,0
4507,0
4508,0
4509,2
4510,4
4511,0
4512,0
4513,0
4514,0
4515,2
4516,0
4517,2
4518,1
4519,2
4520,2
4521,4
4522,1
4523,1
4524,2
4525,4
4526,5
4527,1
4528,0
4529,2
4530,2
4531,2
4532,2
4533,1
4534,1
4535,1
4536,4
4537,5
4538,1
4539,2
4540,2
4541,2
4542,0
4543,1
4544,3
4545,3
4546,5
4547,5
4548,4
4549,4
4550,4
4551,0
4552,2
4553,2
4554,2
4555,2
4556,2
4557,0
4558,4
4559,0
4560,1
4561,3
4562,0
4563,0
4564,3
4565,2
4566,2
4567,2
4568,0
4569,2
4570,1
4571,0
4572,0
4573,2
4574,2
4575,2
4576,2
4577,2
4578,2
4579,0
4580,2
4581,3
4582,2
4583,2
4584,2
4585,2
4586,2
4587,2
4588,1
4589,5
4590,4
4591,4
4592,2
4593,2
4594,2
4595,3
4596,3
4597,0
4598,3
4599,3
4600,1
4601,0
4602,5
4603,2
4604,2
4605,3
4606,0
4607,4
4608,2
4609,4
4610,4
4611,1
4612,1
4613,1
4614,1
4615,3
4616,2
4617,3
4618,1
4619,2
4620,1
4621,1
4622,1
4623,5
4624,1
4625,1
4626,3
4627,2
4628,3
4629,1
4630,1
4631,1
4632,1
4633,1
4634,2
4635,2
4636,3
4637,3
4638,2
4639,1
4640,1
4641,2
4642,2
4643,1
4644,3
4645,2
4646,3
4647,1
4648,1
4649,0
4650,1
4651,1
4652,1
4653,1
4654,1
4655,3
4656,1
4657,1
4658,1
4659,3
4660,1
4661,0
4662,0
4663,1
4664,1
4665,5
4666,5
4667,2
4668,2
4669,1
4670,5
4671,1
4672,5
4673,5
4674,2
4675,2
4676,2
4677,2
4678,3
4679,2
4680,2
4681,1
4682,3
4683,1
4684,4
4685,3
4686,2
4687,4
4688,4
4689,1
4690,4
4691,4
4692,4
4693,1
4694,1
4695,5
4696,2
4697,2
4698,1
4699,2
4700,2
4701,2
4702,3
4703,3
4704,3
4705,2
4706,5
4707,5
4708,5
4709,0
4710,0
4711,0
4712,0
4713,2
4714,2
4715,5
4716,5
4717,2
4718,2
4719,0
4720,5
4721,5
4722,2
4723,2
4724,2
4725,2
4726,1
4727,1
4728,1
4729,2
4730,1
4731,1
4732,2
4733,1
4734,1
4735,2
4736,2
4737,2
4738,2
4739,2
4740,1
4741,4
4742,1
4743,2
4744,4
4745,4
4746,2
4747,2
4748,2
4749,2
4750,2
4751,2
4752,2
4753,4
4754,2
4755,2
4756,1
4757,2
4758,0
4759,0
4760,2
4761,1
4762,5
4763,2
4764,1
4765,5
4766,4
4767,4
4768,2
4769,4
4770,0
4771,4
4772,4
4773,0
4774,2
4775,2
4776,2
4777,5
4778,0
4779,0
4780,5
4781,5
4782,5
4783,0
4784,4
4785,4
4786,4
4787,4
4788,0
4789,0
4790,0
4791,4
4792,0
4793,4
4794,4
4795,0
4796,2
4797,4
4798,2
4799,2
4800,4
4801,2
4802,4
4803,0
4804,2
4805,4
4806,4
4807,4
4808,4
4809,0
4810,0
4811,0
4812,4
4813,4
4814,2
4815,4
4816,4
4817,4
4818,1
4819,2
4820,1
4821,4
4822,1
4823,0
4824,4
4825,1
4826,2
4827,4
4828,0
4829,2
4830,2
4831,1
4832,1
4833,1
4834,1
4835,1
4836,1
4837,2
4838,5
4839,2
4840,2
4841,4
4842,2
4843,2
4844,2
4845,2
4846,0
4847,4
4848,0
4849,4
4850,4
4851,4
4852,4
4853,5
4854,5
4855,0
4856,4
4857,2
4858,1
4859,1
4860,2
4861,1
4862,4
4863,2
4864,0
4865,0
4866,2
4867,2
4868,0
4869,4
4870,2
4871,4
4872,4
4873,4
4874,4
4875,2
4876,4
4877,4
4878,4
4879,1
4880,4
4881,4
4882,4
4883,4
4884,1
4885,1
4886,2
4887,1
4888,4
4889,1
4890,1
4891,2
4892,0
4893,0
4894,4
4895,2
4896,0
4897,4
4898,4
4899,4
4900,4
4901,4
4902,2
4903,2
4904,4
4905,4
4906,5
4907,1
4908,5
4909,1
4910,1
4911,1
4912,1
4913,4
4914,2
4915,2
4916,1
4917,2
4918,1
4919,4
4920,2
4921,2
4922,1
4923,1
4924,2
4925,4
4926,1
4927,4
4928,4
4929,4
4930,4
4931,4
4932,4
4933,5
4934,0
4935,5
4936,4
4937,1
4938,2
4939,1
4940,0
4941,1
4942,0
4943,1
4944,1
4945,1
4946,2
4947,2
4948,1
4949,2
4950,2
4951,2
4952,2
4953,5
4954,0
4955,1
4956,1
4957,1
4958,2
4959,4
4960,2
4961,0
4962,0
4963,0
4964,4
4965,1
4966,0
4967,0
4968,0
4969,2
4970,2
4971,5
4972,1
4973,1
4974,1
4975,2
4976,2
4977,1
4978,2
4979,4
4980,4
4981,4
4982,2
4983,4
4984,4
4985,2
4986,1
4987,1
4988,0
4989,3
4990,3
4991,1
4992,1
4993,1
4994,4
4995,2
4996,2
4997,2
4998,2
4999,2
5000,2
5001,2
5002,0
5003,2
5004,2
5005,2
5006,0
5007,1
5008,2
5009,2
5010,5
5011,2
5012,5
5013,5
5014,5
5015,2
5016,2
5017,0
5018,2
5019,2
5020,1
5021,2
5022,2
5023,4
5024,0
5025,1
5026,4
5027,1
5028,1
5029,1
5030,1
5031,1
5032,1
5033,1
5034,1
5035,0
5036,4
5037,2
5038,2
5039,2
5040,4
5041,4
5042,0
5043,4
5044,0
5045,0
5046,0
5047,0
5048,5
5049,2
5050,5
5051,5
5052,4
5053,2
5054,2
5055,1
5056,2
5057,0
5058,1
5059,1
5060,0
5061,0
5062,1
5063,1
5064,1
5065,1
5066,1
5067,0
5068,1
5069,1
5070,1
5071,1
5072,0
5073,4
5074,5
5075,1
5076,1
5077,2
5078,0
5079,0
5080,2
5081,0
5082,2
5083,2
5084,2
5085,2
5086,5
5087,5
5088,1
5089,2
5090,4
5091,4
5092,1
5093,4
5094,4
5095,4
5096,1
5097,1
5098,0
5099,5
5100,4
5101,4
5102,1
5103,5
5104,2
5105,5
5106,0
5107,2
5108,0
5109,2
5110,2
5111,0
5112,0
5113,5
5114,5
5115,2
5116,5
5117,2
5118,5
5119,5
5120,4
5121,0
5122,5
5123,2
5124,2
5125,2
5126,2
5127,2
5128,2
5129,2
5130,2
5131,2
5132,5
5133,2
5134,4
5135,5
5136,5
5137,4
5138,2
5139,4
5140,0
5141,0
5142,4
5143,2
5144,0
5145,4
5146,4
5147,0
5148,0
5149,0
5150,1
5151,4
5152,2
5153,0
5154,5
5155,5
5156,5
5157,5
5158,5
5159,4
5160,4
5161,4
5162,5
5163,3
5164,5
5165,4
5166,2
5167,1
5168,4
5169,2
5170,2
5171,0
5172,5
5173,2
5174,2
5175,0
5176,0
5177,2
5178,0
5179,2
5180,2
5181,2
5182,4
5183,0
5184,0
5185,0
5186,2
5187,4
5188,0
5189,0
5190,2
5191,1
5192,1
5193,4
5194,2
5195,2
5196,1
5197,2
5198,1
5199,0
5200,2
5201,4
5202,2
5203,1
5204,1
5205,1
5206,1
5207,4
5208,1
5209,4
5210,4
5211,4
5212,4
5213,0
5214,5
5215,4
5216,0
5217,4
5218,5
5219,4
5220,1
5221,4
5222,2
5223,0
5224,5
5225,5
5226,0
5227,5
5228,5
5229,1
5230,5
5231,0
5232,0
5233,5
5234,4
5235,1
5236,5
5237,1
5238,1
5239,4
5240,2
5241,1
5242,0
5243,1
5244,1
5245,4
5246,1
5247,1
5248,1
5249,5
5250,5
5251,4
5252,5
5253,5
5254,4
5255,2
5256,2
5257,0
5258,0
5259,1
5260,4
5261,1
5262,1
5263,4
5264,0
5265,1
5266,5
5267,2
5268,1
5269,4
5270,0
5271,0
5272,5
5273,2
5274,5
5275,5
5276,5
5277,5
5278,5
5279,0
5280,5
5281,0
5282,0
5283,0
5284,0
5285,2
5286,2
5287,2
5288,0
5289,0
5290,2
5291,2
5292,0
5293,0
5294,1
5295,2
5296,2
5297,2
5298,1
5299,0
5300,2
5301,1
5302,1
5303,1
5304,1
5305,1
5306,1
5307,1
5308,1
5309,1
5310,2
5311,1
5312,2
5313,2
5314,1
5315,2
5316,2
5317,2
5318,0
5319,0
5320,2
5321,0
5322,4
5323,1
5324,2
5325,1
5326,1
5327,1
5328,0
5329,2
5330,5
5331,2
5332,1
5333,2
5334,1
5335,5
5336,4
5337,4
5338,1
5339,1
5340,1
5341,4
5342,4
5343,0
5344,0
5345,0
5346,4
5347,1
5348,2
5349,0
5350,0
5351,1
5352,1
5353,0
5354,0
5355,0
5356,4
5357,4
5358,0
5359,1
5360,1
5361,1
5362,1
5363,1
5364,1
5365,1
5366,4
5367,4
5368,2
5369,0
5370,0
5371,1
5372,0
5373,1
5374,0
5375,4
5376,1
5377,1
5378,1
5379,4
5380,2
5381,1
5382,4
5383,4
5384,1
5385,1
5386,1
5387,2
5388,0
5389,0
5390,0
5391,3
5392,4
5393,4
5394,1
5395,1
5396,2
5397,0
5398,3
5399,2
5400,0
5401,2
5402,1
5403,2
5404,2
5405,4
5406,5
5407,0
5408,0
5409,0
5410,1
5411,1
5412,1
5413,1
5414,1
5415,4
5416,0
5417,1
5418,0
5419,5
5420,5
5421,4
5422,4
5423,5
5424,0
5425,4
5426,2
5427,5
5428,4
5429,0
5430,1
5431,2
5432,4
5433,1
5434,0
5435,0
5436,1
5437,0
5438,0
5439,0
5440,1
5441,2
5442,2
5443,2
5444,0
5445,0
5446,0
5447,0
5448,0
5449,0
5450,0
5451,0
5452,5
5453,5
5454,0
5455,2
5456,2
5457,2
5458,2
5459,5
5460,5
5461,0
5462,0
5463,5
5464,5
5465,5
5466,2
5467,2
5468,0
5469,0
5470,0
5471,0
5472,0
5473,0
5474,1
5475,1
5476,1
5477,3
5478,1
5479,1
5480,3
5481,1
5482,2
5483,4
5484,2
5485,1
5486,1
5487,0
5488,3
5489,0
5490,2
5491,5
5492,1
5493,1
5494,5
5495,1
5496,0
5497,0
5498,5
5499,5
5500,2
5501,5
5502,5
5503,0
5504,2
5505,4
5506,2
5507,2
5508,1
5509,1
5510,2
5511,1
5512,1
5513,2
5514,1
5515,5
5516,2
5517,3
5518,5
5519,0
5520,0
5521,0
5522,4
5523,0
5524,0
5525,0
5526,0
5527,4
5528,4
5529,4
5530,4
5531,4
5532,1
5533,4
5534,3
5535,5
5536,3
5537,5
5538,3
5539,5
5540,2
5541,5
5542,5
5543,4
5544,5
5545,2
5546,2
5547,0
5548,1
5549,1
5550,1
5551,5
5552,0
5553,5
5554,5
5555,0
5556,0
5557,1
5558,5
5559,5
5560,2
5561,0
5562,2
5563,2
5564,2
5565,1
5566,1
5567,1
5568,5
5569,3
5570,3
5571,5
5572,5
5573,2
5574,0
5575,5
5576,5
5577,1
5578,2
5579,1
5580,4
5581,4
5582,0
5583,0
5584,4
5585,4
5586,4
5587,0
5588,0
5589,5
5590,2
5591,2
5592,0
5593,2
5594,0
5595,4
5596,2
5597,2
5598,2
5599,4
5600,4
5601,1
5602,5
5603,0
5604,4
5605,4
5606,5
5607,5
5608,0
5609,5
5610,5
5611,5
5612,0
5613,0
5614,0
5615,5
5616,0
5617,0
5618,5
5619,0
5620,5
5621,0
5622,3
5623,0
5624,5
5625,2
5626,5
5627,5
5628,5
5629,2
5630,0
5631,5
5632,4
5633,4
5634,4
5635,5
5636,4
5637,4
5638,4
5639,5
5640,5
5641,5
5642,4
5643,4
5644,0
5645,0
5646,2
5647,2
5648,5
5649,4
5650,4
5651,2
5652,2
5653,2
5654,5
5655,5
5656,2
5657,4
5658,4
5659,5
5660,5
5661,4
5662,5
5663,5
5664,4
5665,5
5666,4
5667,5
5668,4
5669,5
5670,5
5671,5
5672,4
5673,4
5674,2
5675,0
5676,4
5677,5
5678,2
5679,0
5680,5
5681,0
5682,0
5683,5
5684,5
5685,4
5686,0
5687,4
5688,4
5689,0
5690,5
5691,5
5692,4
5693,5
5694,5
5695,5
5696,5
5697,5
5698,5
5699,5
5700,2
5701,5
5702,2
5703,0
5704,2
5705,5
5706,2
5707,1
5708,2
5709,2
5710,2
5711,3
5712,2
5713,0
5714,2
5715,0
5716,0
5717,0
5718,2
5719,5
5720,3
5721,0
5722,3
5723,3
5724,3
5725,0
5726,1
5727,3
5728,1
5729,1
5730,1
5731,1
5732,0
5733,0
5734,2
5735,2
5736,0
5737,0
5738,2
5739,2
5740,4
5741,2
5742,1
5743,4
5744,0
5745,0
5746,2
5747,3
5748,3
5749,1
5750,1
5751,1
5752,0
5753,0
5754,2
5755,2
5756,2
5757,4
5758,4
5759,4
5760,4
5761,4
5762,4
5763,4
5764,4
5765,1
5766,4
5767,1
5768,1
5769,2
5770,2
5771,4
5772,2
5773,0
5774,2
5775,2
5776,2
5777,2
5778,4
5779,4
5780,4
5781,4
5782,4
5783,0
5784,5
5785,1
5786,1
5787,4
5788,4
5789,4
5790,5
5791,4
5792,1
5793,5
5794,2
5795,2
5796,5
5797,5
5798,5
5799,0
5800,0
5801,2
5802,0
5803,4
5804,0
5805,0
5806,0
5807,1
5808,0
5809,2
5810,2
5811,2
5812,5
5813,1
5814,2
5815,1
5816,1
5817,1
5818,4
5819,4
5820,5
5821,4
5822,5
5823,0
5824,5
5825,0
5826,4
5827,4
5828,2
5829,2
5830,4
5831,2
5832,2
5833,5
5834,0
5835,4
5836,2
5837,2
5838,2
5839,2
5840,5
5841,0
5842,0
5843,2
5844,0
5845,2
5846,2
5847,0
5848,4
5849,2
5850,2
5851,0
5852,2
5853,0
5854,0
5855,0
5856,4
5857,2
5858,0
5859,4
5860,0
5861,5
5862,5
5863,5
5864,5
5865,0
5866,4
5867,0
5868,0
5869,5
5870,0
5871,0
5872,0
5873,5
5874,0
5875,0
5876,4
5877,4
5878,2
5879,4
5880,4
5881,4
5882,0
5883,5
5884,5
5885,4
5886,4
5887,4
5888,4
5889,4
5890,4
5891,4
5892,4
5893,4
5894,4
5895,4
5896,0
5897,0
5898,5
5899,5
5900,5
5901,4
5902,4
5903,2
5904,2
5905,2
5906,2
5907,5
5908,3
5909,5
5910,5
5911,5
5912,5
5913,5
5914,0
5915,0
5916,4
5917,2
5918,4
5919,0
5920,4
5921,4
5922,0
5923,0
5924,4
5925,5
5926,4
5927,4
5928,1
5929,1
5930,4
5931,4
5932,2
5933,2
5934,4
5935,2
5936,4
5937,3
5938,4
5939,4
5940,0
5941,0
5942,4
5943,1
5944,2
5945,4
5946,4
5947,4
5948,4
5949,4
5950,1
5951,0
5952,0
5953,0
5954,4
5955,4
5956,0
5957,4
5958,4
5959,0
5960,4
5961,4
5962,2
5963,4
5964,4
5965,4
5966,4
5967,4
5968,4
5969,4
5970,4
5971,2
5972,4
5973,4
5974,4
5975,2
5976,1
5977,2
5978,2
5979,3
5980,4
5981,2
5982,1
5983,2
5984,4
5985,2
5986,2
5987,2
5988,2
5989,4
5990,2
5991,4
5992,4
5993,1
5994,4
5995,1
5996,4
5997,4
5998,5
5999,4
6000,4
